Date,Symbol,Adj Close,Close,High,Low,Open,Volume
2010-01-04,SOLV,,,,,,
2010-01-05,SOLV,,,,,,
2010-01-06,SOLV,,,,,,
2010-01-07,SOLV,,,,,,
2010-01-08,SOLV,,,,,,
2010-01-11,SOLV,,,,,,
2010-01-12,SOLV,,,,,,
2010-01-13,SOLV,,,,,,
2010-01-14,SOLV,,,,,,
2010-01-15,SOLV,,,,,,
2010-01-19,SOLV,,,,,,
2010-01-20,SOLV,,,,,,
2010-01-21,SOLV,,,,,,
2010-01-22,SOLV,,,,,,
2010-01-25,SOLV,,,,,,
2010-01-26,SOLV,,,,,,
2010-01-27,SOLV,,,,,,
2010-01-28,SOLV,,,,,,
2010-01-29,SOLV,,,,,,
2010-02-01,SOLV,,,,,,
2010-02-02,SOLV,,,,,,
2010-02-03,SOLV,,,,,,
2010-02-04,SOLV,,,,,,
2010-02-05,SOLV,,,,,,
2010-02-08,SOLV,,,,,,
2010-02-09,SOLV,,,,,,
2010-02-10,SOLV,,,,,,
2010-02-11,SOLV,,,,,,
2010-02-12,SOLV,,,,,,
2010-02-16,SOLV,,,,,,
2010-02-17,SOLV,,,,,,
2010-02-18,SOLV,,,,,,
2010-02-19,SOLV,,,,,,
2010-02-22,SOLV,,,,,,
2010-02-23,SOLV,,,,,,
2010-02-24,SOLV,,,,,,
2010-02-25,SOLV,,,,,,
2010-02-26,SOLV,,,,,,
2010-03-01,SOLV,,,,,,
2010-03-02,SOLV,,,,,,
2010-03-03,SOLV,,,,,,
2010-03-04,SOLV,,,,,,
2010-03-05,SOLV,,,,,,
2010-03-08,SOLV,,,,,,
2010-03-09,SOLV,,,,,,
2010-03-10,SOLV,,,,,,
2010-03-11,SOLV,,,,,,
2010-03-12,SOLV,,,,,,
2010-03-15,SOLV,,,,,,
2010-03-16,SOLV,,,,,,
2010-03-17,SOLV,,,,,,
2010-03-18,SOLV,,,,,,
2010-03-19,SOLV,,,,,,
2010-03-22,SOLV,,,,,,
2010-03-23,SOLV,,,,,,
2010-03-24,SOLV,,,,,,
2010-03-25,SOLV,,,,,,
2010-03-26,SOLV,,,,,,
2010-03-29,SOLV,,,,,,
2010-03-30,SOLV,,,,,,
2010-03-31,SOLV,,,,,,
2010-04-01,SOLV,,,,,,
2010-04-05,SOLV,,,,,,
2010-04-06,SOLV,,,,,,
2010-04-07,SOLV,,,,,,
2010-04-08,SOLV,,,,,,
2010-04-09,SOLV,,,,,,
2010-04-12,SOLV,,,,,,
2010-04-13,SOLV,,,,,,
2010-04-14,SOLV,,,,,,
2010-04-15,SOLV,,,,,,
2010-04-16,SOLV,,,,,,
2010-04-19,SOLV,,,,,,
2010-04-20,SOLV,,,,,,
2010-04-21,SOLV,,,,,,
2010-04-22,SOLV,,,,,,
2010-04-23,SOLV,,,,,,
2010-04-26,SOLV,,,,,,
2010-04-27,SOLV,,,,,,
2010-04-28,SOLV,,,,,,
2010-04-29,SOLV,,,,,,
2010-04-30,SOLV,,,,,,
2010-05-03,SOLV,,,,,,
2010-05-04,SOLV,,,,,,
2010-05-05,SOLV,,,,,,
2010-05-06,SOLV,,,,,,
2010-05-07,SOLV,,,,,,
2010-05-10,SOLV,,,,,,
2010-05-11,SOLV,,,,,,
2010-05-12,SOLV,,,,,,
2010-05-13,SOLV,,,,,,
2010-05-14,SOLV,,,,,,
2010-05-17,SOLV,,,,,,
2010-05-18,SOLV,,,,,,
2010-05-19,SOLV,,,,,,
2010-05-20,SOLV,,,,,,
2010-05-21,SOLV,,,,,,
2010-05-24,SOLV,,,,,,
2010-05-25,SOLV,,,,,,
2010-05-26,SOLV,,,,,,
2010-05-27,SOLV,,,,,,
2010-05-28,SOLV,,,,,,
2010-06-01,SOLV,,,,,,
2010-06-02,SOLV,,,,,,
2010-06-03,SOLV,,,,,,
2010-06-04,SOLV,,,,,,
2010-06-07,SOLV,,,,,,
2010-06-08,SOLV,,,,,,
2010-06-09,SOLV,,,,,,
2010-06-10,SOLV,,,,,,
2010-06-11,SOLV,,,,,,
2010-06-14,SOLV,,,,,,
2010-06-15,SOLV,,,,,,
2010-06-16,SOLV,,,,,,
2010-06-17,SOLV,,,,,,
2010-06-18,SOLV,,,,,,
2010-06-21,SOLV,,,,,,
2010-06-22,SOLV,,,,,,
2010-06-23,SOLV,,,,,,
2010-06-24,SOLV,,,,,,
2010-06-25,SOLV,,,,,,
2010-06-28,SOLV,,,,,,
2010-06-29,SOLV,,,,,,
2010-06-30,SOLV,,,,,,
2010-07-01,SOLV,,,,,,
2010-07-02,SOLV,,,,,,
2010-07-06,SOLV,,,,,,
2010-07-07,SOLV,,,,,,
2010-07-08,SOLV,,,,,,
2010-07-09,SOLV,,,,,,
2010-07-12,SOLV,,,,,,
2010-07-13,SOLV,,,,,,
2010-07-14,SOLV,,,,,,
2010-07-15,SOLV,,,,,,
2010-07-16,SOLV,,,,,,
2010-07-19,SOLV,,,,,,
2010-07-20,SOLV,,,,,,
2010-07-21,SOLV,,,,,,
2010-07-22,SOLV,,,,,,
2010-07-23,SOLV,,,,,,
2010-07-26,SOLV,,,,,,
2010-07-27,SOLV,,,,,,
2010-07-28,SOLV,,,,,,
2010-07-29,SOLV,,,,,,
2010-07-30,SOLV,,,,,,
2010-08-02,SOLV,,,,,,
2010-08-03,SOLV,,,,,,
2010-08-04,SOLV,,,,,,
2010-08-05,SOLV,,,,,,
2010-08-06,SOLV,,,,,,
2010-08-09,SOLV,,,,,,
2010-08-10,SOLV,,,,,,
2010-08-11,SOLV,,,,,,
2010-08-12,SOLV,,,,,,
2010-08-13,SOLV,,,,,,
2010-08-16,SOLV,,,,,,
2010-08-17,SOLV,,,,,,
2010-08-18,SOLV,,,,,,
2010-08-19,SOLV,,,,,,
2010-08-20,SOLV,,,,,,
2010-08-23,SOLV,,,,,,
2010-08-24,SOLV,,,,,,
2010-08-25,SOLV,,,,,,
2010-08-26,SOLV,,,,,,
2010-08-27,SOLV,,,,,,
2010-08-30,SOLV,,,,,,
2010-08-31,SOLV,,,,,,
2010-09-01,SOLV,,,,,,
2010-09-02,SOLV,,,,,,
2010-09-03,SOLV,,,,,,
2010-09-07,SOLV,,,,,,
2010-09-08,SOLV,,,,,,
2010-09-09,SOLV,,,,,,
2010-09-10,SOLV,,,,,,
2010-09-13,SOLV,,,,,,
2010-09-14,SOLV,,,,,,
2010-09-15,SOLV,,,,,,
2010-09-16,SOLV,,,,,,
2010-09-17,SOLV,,,,,,
2010-09-20,SOLV,,,,,,
2010-09-21,SOLV,,,,,,
2010-09-22,SOLV,,,,,,
2010-09-23,SOLV,,,,,,
2010-09-24,SOLV,,,,,,
2010-09-27,SOLV,,,,,,
2010-09-28,SOLV,,,,,,
2010-09-29,SOLV,,,,,,
2010-09-30,SOLV,,,,,,
2010-10-01,SOLV,,,,,,
2010-10-04,SOLV,,,,,,
2010-10-05,SOLV,,,,,,
2010-10-06,SOLV,,,,,,
2010-10-07,SOLV,,,,,,
2010-10-08,SOLV,,,,,,
2010-10-11,SOLV,,,,,,
2010-10-12,SOLV,,,,,,
2010-10-13,SOLV,,,,,,
2010-10-14,SOLV,,,,,,
2010-10-15,SOLV,,,,,,
2010-10-18,SOLV,,,,,,
2010-10-19,SOLV,,,,,,
2010-10-20,SOLV,,,,,,
2010-10-21,SOLV,,,,,,
2010-10-22,SOLV,,,,,,
2010-10-25,SOLV,,,,,,
2010-10-26,SOLV,,,,,,
2010-10-27,SOLV,,,,,,
2010-10-28,SOLV,,,,,,
2010-10-29,SOLV,,,,,,
2010-11-01,SOLV,,,,,,
2010-11-02,SOLV,,,,,,
2010-11-03,SOLV,,,,,,
2010-11-04,SOLV,,,,,,
2010-11-05,SOLV,,,,,,
2010-11-08,SOLV,,,,,,
2010-11-09,SOLV,,,,,,
2010-11-10,SOLV,,,,,,
2010-11-11,SOLV,,,,,,
2010-11-12,SOLV,,,,,,
2010-11-15,SOLV,,,,,,
2010-11-16,SOLV,,,,,,
2010-11-17,SOLV,,,,,,
2010-11-18,SOLV,,,,,,
2010-11-19,SOLV,,,,,,
2010-11-22,SOLV,,,,,,
2010-11-23,SOLV,,,,,,
2010-11-24,SOLV,,,,,,
2010-11-26,SOLV,,,,,,
2010-11-29,SOLV,,,,,,
2010-11-30,SOLV,,,,,,
2010-12-01,SOLV,,,,,,
2010-12-02,SOLV,,,,,,
2010-12-03,SOLV,,,,,,
2010-12-06,SOLV,,,,,,
2010-12-07,SOLV,,,,,,
2010-12-08,SOLV,,,,,,
2010-12-09,SOLV,,,,,,
2010-12-10,SOLV,,,,,,
2010-12-13,SOLV,,,,,,
2010-12-14,SOLV,,,,,,
2010-12-15,SOLV,,,,,,
2010-12-16,SOLV,,,,,,
2010-12-17,SOLV,,,,,,
2010-12-20,SOLV,,,,,,
2010-12-21,SOLV,,,,,,
2010-12-22,SOLV,,,,,,
2010-12-23,SOLV,,,,,,
2010-12-27,SOLV,,,,,,
2010-12-28,SOLV,,,,,,
2010-12-29,SOLV,,,,,,
2010-12-30,SOLV,,,,,,
2010-12-31,SOLV,,,,,,
2011-01-03,SOLV,,,,,,
2011-01-04,SOLV,,,,,,
2011-01-05,SOLV,,,,,,
2011-01-06,SOLV,,,,,,
2011-01-07,SOLV,,,,,,
2011-01-10,SOLV,,,,,,
2011-01-11,SOLV,,,,,,
2011-01-12,SOLV,,,,,,
2011-01-13,SOLV,,,,,,
2011-01-14,SOLV,,,,,,
2011-01-18,SOLV,,,,,,
2011-01-19,SOLV,,,,,,
2011-01-20,SOLV,,,,,,
2011-01-21,SOLV,,,,,,
2011-01-24,SOLV,,,,,,
2011-01-25,SOLV,,,,,,
2011-01-26,SOLV,,,,,,
2011-01-27,SOLV,,,,,,
2011-01-28,SOLV,,,,,,
2011-01-31,SOLV,,,,,,
2011-02-01,SOLV,,,,,,
2011-02-02,SOLV,,,,,,
2011-02-03,SOLV,,,,,,
2011-02-04,SOLV,,,,,,
2011-02-07,SOLV,,,,,,
2011-02-08,SOLV,,,,,,
2011-02-09,SOLV,,,,,,
2011-02-10,SOLV,,,,,,
2011-02-11,SOLV,,,,,,
2011-02-14,SOLV,,,,,,
2011-02-15,SOLV,,,,,,
2011-02-16,SOLV,,,,,,
2011-02-17,SOLV,,,,,,
2011-02-18,SOLV,,,,,,
2011-02-22,SOLV,,,,,,
2011-02-23,SOLV,,,,,,
2011-02-24,SOLV,,,,,,
2011-02-25,SOLV,,,,,,
2011-02-28,SOLV,,,,,,
2011-03-01,SOLV,,,,,,
2011-03-02,SOLV,,,,,,
2011-03-03,SOLV,,,,,,
2011-03-04,SOLV,,,,,,
2011-03-07,SOLV,,,,,,
2011-03-08,SOLV,,,,,,
2011-03-09,SOLV,,,,,,
2011-03-10,SOLV,,,,,,
2011-03-11,SOLV,,,,,,
2011-03-14,SOLV,,,,,,
2011-03-15,SOLV,,,,,,
2011-03-16,SOLV,,,,,,
2011-03-17,SOLV,,,,,,
2011-03-18,SOLV,,,,,,
2011-03-21,SOLV,,,,,,
2011-03-22,SOLV,,,,,,
2011-03-23,SOLV,,,,,,
2011-03-24,SOLV,,,,,,
2011-03-25,SOLV,,,,,,
2011-03-28,SOLV,,,,,,
2011-03-29,SOLV,,,,,,
2011-03-30,SOLV,,,,,,
2011-03-31,SOLV,,,,,,
2011-04-01,SOLV,,,,,,
2011-04-04,SOLV,,,,,,
2011-04-05,SOLV,,,,,,
2011-04-06,SOLV,,,,,,
2011-04-07,SOLV,,,,,,
2011-04-08,SOLV,,,,,,
2011-04-11,SOLV,,,,,,
2011-04-12,SOLV,,,,,,
2011-04-13,SOLV,,,,,,
2011-04-14,SOLV,,,,,,
2011-04-15,SOLV,,,,,,
2011-04-18,SOLV,,,,,,
2011-04-19,SOLV,,,,,,
2011-04-20,SOLV,,,,,,
2011-04-21,SOLV,,,,,,
2011-04-25,SOLV,,,,,,
2011-04-26,SOLV,,,,,,
2011-04-27,SOLV,,,,,,
2011-04-28,SOLV,,,,,,
2011-04-29,SOLV,,,,,,
2011-05-02,SOLV,,,,,,
2011-05-03,SOLV,,,,,,
2011-05-04,SOLV,,,,,,
2011-05-05,SOLV,,,,,,
2011-05-06,SOLV,,,,,,
2011-05-09,SOLV,,,,,,
2011-05-10,SOLV,,,,,,
2011-05-11,SOLV,,,,,,
2011-05-12,SOLV,,,,,,
2011-05-13,SOLV,,,,,,
2011-05-16,SOLV,,,,,,
2011-05-17,SOLV,,,,,,
2011-05-18,SOLV,,,,,,
2011-05-19,SOLV,,,,,,
2011-05-20,SOLV,,,,,,
2011-05-23,SOLV,,,,,,
2011-05-24,SOLV,,,,,,
2011-05-25,SOLV,,,,,,
2011-05-26,SOLV,,,,,,
2011-05-27,SOLV,,,,,,
2011-05-31,SOLV,,,,,,
2011-06-01,SOLV,,,,,,
2011-06-02,SOLV,,,,,,
2011-06-03,SOLV,,,,,,
2011-06-06,SOLV,,,,,,
2011-06-07,SOLV,,,,,,
2011-06-08,SOLV,,,,,,
2011-06-09,SOLV,,,,,,
2011-06-10,SOLV,,,,,,
2011-06-13,SOLV,,,,,,
2011-06-14,SOLV,,,,,,
2011-06-15,SOLV,,,,,,
2011-06-16,SOLV,,,,,,
2011-06-17,SOLV,,,,,,
2011-06-20,SOLV,,,,,,
2011-06-21,SOLV,,,,,,
2011-06-22,SOLV,,,,,,
2011-06-23,SOLV,,,,,,
2011-06-24,SOLV,,,,,,
2011-06-27,SOLV,,,,,,
2011-06-28,SOLV,,,,,,
2011-06-29,SOLV,,,,,,
2011-06-30,SOLV,,,,,,
2011-07-01,SOLV,,,,,,
2011-07-05,SOLV,,,,,,
2011-07-06,SOLV,,,,,,
2011-07-07,SOLV,,,,,,
2011-07-08,SOLV,,,,,,
2011-07-11,SOLV,,,,,,
2011-07-12,SOLV,,,,,,
2011-07-13,SOLV,,,,,,
2011-07-14,SOLV,,,,,,
2011-07-15,SOLV,,,,,,
2011-07-18,SOLV,,,,,,
2011-07-19,SOLV,,,,,,
2011-07-20,SOLV,,,,,,
2011-07-21,SOLV,,,,,,
2011-07-22,SOLV,,,,,,
2011-07-25,SOLV,,,,,,
2011-07-26,SOLV,,,,,,
2011-07-27,SOLV,,,,,,
2011-07-28,SOLV,,,,,,
2011-07-29,SOLV,,,,,,
2011-08-01,SOLV,,,,,,
2011-08-02,SOLV,,,,,,
2011-08-03,SOLV,,,,,,
2011-08-04,SOLV,,,,,,
2011-08-05,SOLV,,,,,,
2011-08-08,SOLV,,,,,,
2011-08-09,SOLV,,,,,,
2011-08-10,SOLV,,,,,,
2011-08-11,SOLV,,,,,,
2011-08-12,SOLV,,,,,,
2011-08-15,SOLV,,,,,,
2011-08-16,SOLV,,,,,,
2011-08-17,SOLV,,,,,,
2011-08-18,SOLV,,,,,,
2011-08-19,SOLV,,,,,,
2011-08-22,SOLV,,,,,,
2011-08-23,SOLV,,,,,,
2011-08-24,SOLV,,,,,,
2011-08-25,SOLV,,,,,,
2011-08-26,SOLV,,,,,,
2011-08-29,SOLV,,,,,,
2011-08-30,SOLV,,,,,,
2011-08-31,SOLV,,,,,,
2011-09-01,SOLV,,,,,,
2011-09-02,SOLV,,,,,,
2011-09-06,SOLV,,,,,,
2011-09-07,SOLV,,,,,,
2011-09-08,SOLV,,,,,,
2011-09-09,SOLV,,,,,,
2011-09-12,SOLV,,,,,,
2011-09-13,SOLV,,,,,,
2011-09-14,SOLV,,,,,,
2011-09-15,SOLV,,,,,,
2011-09-16,SOLV,,,,,,
2011-09-19,SOLV,,,,,,
2011-09-20,SOLV,,,,,,
2011-09-21,SOLV,,,,,,
2011-09-22,SOLV,,,,,,
2011-09-23,SOLV,,,,,,
2011-09-26,SOLV,,,,,,
2011-09-27,SOLV,,,,,,
2011-09-28,SOLV,,,,,,
2011-09-29,SOLV,,,,,,
2011-09-30,SOLV,,,,,,
2011-10-03,SOLV,,,,,,
2011-10-04,SOLV,,,,,,
2011-10-05,SOLV,,,,,,
2011-10-06,SOLV,,,,,,
2011-10-07,SOLV,,,,,,
2011-10-10,SOLV,,,,,,
2011-10-11,SOLV,,,,,,
2011-10-12,SOLV,,,,,,
2011-10-13,SOLV,,,,,,
2011-10-14,SOLV,,,,,,
2011-10-17,SOLV,,,,,,
2011-10-18,SOLV,,,,,,
2011-10-19,SOLV,,,,,,
2011-10-20,SOLV,,,,,,
2011-10-21,SOLV,,,,,,
2011-10-24,SOLV,,,,,,
2011-10-25,SOLV,,,,,,
2011-10-26,SOLV,,,,,,
2011-10-27,SOLV,,,,,,
2011-10-28,SOLV,,,,,,
2011-10-31,SOLV,,,,,,
2011-11-01,SOLV,,,,,,
2011-11-02,SOLV,,,,,,
2011-11-03,SOLV,,,,,,
2011-11-04,SOLV,,,,,,
2011-11-07,SOLV,,,,,,
2011-11-08,SOLV,,,,,,
2011-11-09,SOLV,,,,,,
2011-11-10,SOLV,,,,,,
2011-11-11,SOLV,,,,,,
2011-11-14,SOLV,,,,,,
2011-11-15,SOLV,,,,,,
2011-11-16,SOLV,,,,,,
2011-11-17,SOLV,,,,,,
2011-11-18,SOLV,,,,,,
2011-11-21,SOLV,,,,,,
2011-11-22,SOLV,,,,,,
2011-11-23,SOLV,,,,,,
2011-11-25,SOLV,,,,,,
2011-11-28,SOLV,,,,,,
2011-11-29,SOLV,,,,,,
2011-11-30,SOLV,,,,,,
2011-12-01,SOLV,,,,,,
2011-12-02,SOLV,,,,,,
2011-12-05,SOLV,,,,,,
2011-12-06,SOLV,,,,,,
2011-12-07,SOLV,,,,,,
2011-12-08,SOLV,,,,,,
2011-12-09,SOLV,,,,,,
2011-12-12,SOLV,,,,,,
2011-12-13,SOLV,,,,,,
2011-12-14,SOLV,,,,,,
2011-12-15,SOLV,,,,,,
2011-12-16,SOLV,,,,,,
2011-12-19,SOLV,,,,,,
2011-12-20,SOLV,,,,,,
2011-12-21,SOLV,,,,,,
2011-12-22,SOLV,,,,,,
2011-12-23,SOLV,,,,,,
2011-12-27,SOLV,,,,,,
2011-12-28,SOLV,,,,,,
2011-12-29,SOLV,,,,,,
2011-12-30,SOLV,,,,,,
2012-01-03,SOLV,,,,,,
2012-01-04,SOLV,,,,,,
2012-01-05,SOLV,,,,,,
2012-01-06,SOLV,,,,,,
2012-01-09,SOLV,,,,,,
2012-01-10,SOLV,,,,,,
2012-01-11,SOLV,,,,,,
2012-01-12,SOLV,,,,,,
2012-01-13,SOLV,,,,,,
2012-01-17,SOLV,,,,,,
2012-01-18,SOLV,,,,,,
2012-01-19,SOLV,,,,,,
2012-01-20,SOLV,,,,,,
2012-01-23,SOLV,,,,,,
2012-01-24,SOLV,,,,,,
2012-01-25,SOLV,,,,,,
2012-01-26,SOLV,,,,,,
2012-01-27,SOLV,,,,,,
2012-01-30,SOLV,,,,,,
2012-01-31,SOLV,,,,,,
2012-02-01,SOLV,,,,,,
2012-02-02,SOLV,,,,,,
2012-02-03,SOLV,,,,,,
2012-02-06,SOLV,,,,,,
2012-02-07,SOLV,,,,,,
2012-02-08,SOLV,,,,,,
2012-02-09,SOLV,,,,,,
2012-02-10,SOLV,,,,,,
2012-02-13,SOLV,,,,,,
2012-02-14,SOLV,,,,,,
2012-02-15,SOLV,,,,,,
2012-02-16,SOLV,,,,,,
2012-02-17,SOLV,,,,,,
2012-02-21,SOLV,,,,,,
2012-02-22,SOLV,,,,,,
2012-02-23,SOLV,,,,,,
2012-02-24,SOLV,,,,,,
2012-02-27,SOLV,,,,,,
2012-02-28,SOLV,,,,,,
2012-02-29,SOLV,,,,,,
2012-03-01,SOLV,,,,,,
2012-03-02,SOLV,,,,,,
2012-03-05,SOLV,,,,,,
2012-03-06,SOLV,,,,,,
2012-03-07,SOLV,,,,,,
2012-03-08,SOLV,,,,,,
2012-03-09,SOLV,,,,,,
2012-03-12,SOLV,,,,,,
2012-03-13,SOLV,,,,,,
2012-03-14,SOLV,,,,,,
2012-03-15,SOLV,,,,,,
2012-03-16,SOLV,,,,,,
2012-03-19,SOLV,,,,,,
2012-03-20,SOLV,,,,,,
2012-03-21,SOLV,,,,,,
2012-03-22,SOLV,,,,,,
2012-03-23,SOLV,,,,,,
2012-03-26,SOLV,,,,,,
2012-03-27,SOLV,,,,,,
2012-03-28,SOLV,,,,,,
2012-03-29,SOLV,,,,,,
2012-03-30,SOLV,,,,,,
2012-04-02,SOLV,,,,,,
2012-04-03,SOLV,,,,,,
2012-04-04,SOLV,,,,,,
2012-04-05,SOLV,,,,,,
2012-04-09,SOLV,,,,,,
2012-04-10,SOLV,,,,,,
2012-04-11,SOLV,,,,,,
2012-04-12,SOLV,,,,,,
2012-04-13,SOLV,,,,,,
2012-04-16,SOLV,,,,,,
2012-04-17,SOLV,,,,,,
2012-04-18,SOLV,,,,,,
2012-04-19,SOLV,,,,,,
2012-04-20,SOLV,,,,,,
2012-04-23,SOLV,,,,,,
2012-04-24,SOLV,,,,,,
2012-04-25,SOLV,,,,,,
2012-04-26,SOLV,,,,,,
2012-04-27,SOLV,,,,,,
2012-04-30,SOLV,,,,,,
2012-05-01,SOLV,,,,,,
2012-05-02,SOLV,,,,,,
2012-05-03,SOLV,,,,,,
2012-05-04,SOLV,,,,,,
2012-05-07,SOLV,,,,,,
2012-05-08,SOLV,,,,,,
2012-05-09,SOLV,,,,,,
2012-05-10,SOLV,,,,,,
2012-05-11,SOLV,,,,,,
2012-05-14,SOLV,,,,,,
2012-05-15,SOLV,,,,,,
2012-05-16,SOLV,,,,,,
2012-05-17,SOLV,,,,,,
2012-05-18,SOLV,,,,,,
2012-05-21,SOLV,,,,,,
2012-05-22,SOLV,,,,,,
2012-05-23,SOLV,,,,,,
2012-05-24,SOLV,,,,,,
2012-05-25,SOLV,,,,,,
2012-05-29,SOLV,,,,,,
2012-05-30,SOLV,,,,,,
2012-05-31,SOLV,,,,,,
2012-06-01,SOLV,,,,,,
2012-06-04,SOLV,,,,,,
2012-06-05,SOLV,,,,,,
2012-06-06,SOLV,,,,,,
2012-06-07,SOLV,,,,,,
2012-06-08,SOLV,,,,,,
2012-06-11,SOLV,,,,,,
2012-06-12,SOLV,,,,,,
2012-06-13,SOLV,,,,,,
2012-06-14,SOLV,,,,,,
2012-06-15,SOLV,,,,,,
2012-06-18,SOLV,,,,,,
2012-06-19,SOLV,,,,,,
2012-06-20,SOLV,,,,,,
2012-06-21,SOLV,,,,,,
2012-06-22,SOLV,,,,,,
2012-06-25,SOLV,,,,,,
2012-06-26,SOLV,,,,,,
2012-06-27,SOLV,,,,,,
2012-06-28,SOLV,,,,,,
2012-06-29,SOLV,,,,,,
2012-07-02,SOLV,,,,,,
2012-07-03,SOLV,,,,,,
2012-07-05,SOLV,,,,,,
2012-07-06,SOLV,,,,,,
2012-07-09,SOLV,,,,,,
2012-07-10,SOLV,,,,,,
2012-07-11,SOLV,,,,,,
2012-07-12,SOLV,,,,,,
2012-07-13,SOLV,,,,,,
2012-07-16,SOLV,,,,,,
2012-07-17,SOLV,,,,,,
2012-07-18,SOLV,,,,,,
2012-07-19,SOLV,,,,,,
2012-07-20,SOLV,,,,,,
2012-07-23,SOLV,,,,,,
2012-07-24,SOLV,,,,,,
2012-07-25,SOLV,,,,,,
2012-07-26,SOLV,,,,,,
2012-07-27,SOLV,,,,,,
2012-07-30,SOLV,,,,,,
2012-07-31,SOLV,,,,,,
2012-08-01,SOLV,,,,,,
2012-08-02,SOLV,,,,,,
2012-08-03,SOLV,,,,,,
2012-08-06,SOLV,,,,,,
2012-08-07,SOLV,,,,,,
2012-08-08,SOLV,,,,,,
2012-08-09,SOLV,,,,,,
2012-08-10,SOLV,,,,,,
2012-08-13,SOLV,,,,,,
2012-08-14,SOLV,,,,,,
2012-08-15,SOLV,,,,,,
2012-08-16,SOLV,,,,,,
2012-08-17,SOLV,,,,,,
2012-08-20,SOLV,,,,,,
2012-08-21,SOLV,,,,,,
2012-08-22,SOLV,,,,,,
2012-08-23,SOLV,,,,,,
2012-08-24,SOLV,,,,,,
2012-08-27,SOLV,,,,,,
2012-08-28,SOLV,,,,,,
2012-08-29,SOLV,,,,,,
2012-08-30,SOLV,,,,,,
2012-08-31,SOLV,,,,,,
2012-09-04,SOLV,,,,,,
2012-09-05,SOLV,,,,,,
2012-09-06,SOLV,,,,,,
2012-09-07,SOLV,,,,,,
2012-09-10,SOLV,,,,,,
2012-09-11,SOLV,,,,,,
2012-09-12,SOLV,,,,,,
2012-09-13,SOLV,,,,,,
2012-09-14,SOLV,,,,,,
2012-09-17,SOLV,,,,,,
2012-09-18,SOLV,,,,,,
2012-09-19,SOLV,,,,,,
2012-09-20,SOLV,,,,,,
2012-09-21,SOLV,,,,,,
2012-09-24,SOLV,,,,,,
2012-09-25,SOLV,,,,,,
2012-09-26,SOLV,,,,,,
2012-09-27,SOLV,,,,,,
2012-09-28,SOLV,,,,,,
2012-10-01,SOLV,,,,,,
2012-10-02,SOLV,,,,,,
2012-10-03,SOLV,,,,,,
2012-10-04,SOLV,,,,,,
2012-10-05,SOLV,,,,,,
2012-10-08,SOLV,,,,,,
2012-10-09,SOLV,,,,,,
2012-10-10,SOLV,,,,,,
2012-10-11,SOLV,,,,,,
2012-10-12,SOLV,,,,,,
2012-10-15,SOLV,,,,,,
2012-10-16,SOLV,,,,,,
2012-10-17,SOLV,,,,,,
2012-10-18,SOLV,,,,,,
2012-10-19,SOLV,,,,,,
2012-10-22,SOLV,,,,,,
2012-10-23,SOLV,,,,,,
2012-10-24,SOLV,,,,,,
2012-10-25,SOLV,,,,,,
2012-10-26,SOLV,,,,,,
2012-10-31,SOLV,,,,,,
2012-11-01,SOLV,,,,,,
2012-11-02,SOLV,,,,,,
2012-11-05,SOLV,,,,,,
2012-11-06,SOLV,,,,,,
2012-11-07,SOLV,,,,,,
2012-11-08,SOLV,,,,,,
2012-11-09,SOLV,,,,,,
2012-11-12,SOLV,,,,,,
2012-11-13,SOLV,,,,,,
2012-11-14,SOLV,,,,,,
2012-11-15,SOLV,,,,,,
2012-11-16,SOLV,,,,,,
2012-11-19,SOLV,,,,,,
2012-11-20,SOLV,,,,,,
2012-11-21,SOLV,,,,,,
2012-11-23,SOLV,,,,,,
2012-11-26,SOLV,,,,,,
2012-11-27,SOLV,,,,,,
2012-11-28,SOLV,,,,,,
2012-11-29,SOLV,,,,,,
2012-11-30,SOLV,,,,,,
2012-12-03,SOLV,,,,,,
2012-12-04,SOLV,,,,,,
2012-12-05,SOLV,,,,,,
2012-12-06,SOLV,,,,,,
2012-12-07,SOLV,,,,,,
2012-12-10,SOLV,,,,,,
2012-12-11,SOLV,,,,,,
2012-12-12,SOLV,,,,,,
2012-12-13,SOLV,,,,,,
2012-12-14,SOLV,,,,,,
2012-12-17,SOLV,,,,,,
2012-12-18,SOLV,,,,,,
2012-12-19,SOLV,,,,,,
2012-12-20,SOLV,,,,,,
2012-12-21,SOLV,,,,,,
2012-12-24,SOLV,,,,,,
2012-12-26,SOLV,,,,,,
2012-12-27,SOLV,,,,,,
2012-12-28,SOLV,,,,,,
2012-12-31,SOLV,,,,,,
2013-01-02,SOLV,,,,,,
2013-01-03,SOLV,,,,,,
2013-01-04,SOLV,,,,,,
2013-01-07,SOLV,,,,,,
2013-01-08,SOLV,,,,,,
2013-01-09,SOLV,,,,,,
2013-01-10,SOLV,,,,,,
2013-01-11,SOLV,,,,,,
2013-01-14,SOLV,,,,,,
2013-01-15,SOLV,,,,,,
2013-01-16,SOLV,,,,,,
2013-01-17,SOLV,,,,,,
2013-01-18,SOLV,,,,,,
2013-01-22,SOLV,,,,,,
2013-01-23,SOLV,,,,,,
2013-01-24,SOLV,,,,,,
2013-01-25,SOLV,,,,,,
2013-01-28,SOLV,,,,,,
2013-01-29,SOLV,,,,,,
2013-01-30,SOLV,,,,,,
2013-01-31,SOLV,,,,,,
2013-02-01,SOLV,,,,,,
2013-02-04,SOLV,,,,,,
2013-02-05,SOLV,,,,,,
2013-02-06,SOLV,,,,,,
2013-02-07,SOLV,,,,,,
2013-02-08,SOLV,,,,,,
2013-02-11,SOLV,,,,,,
2013-02-12,SOLV,,,,,,
2013-02-13,SOLV,,,,,,
2013-02-14,SOLV,,,,,,
2013-02-15,SOLV,,,,,,
2013-02-19,SOLV,,,,,,
2013-02-20,SOLV,,,,,,
2013-02-21,SOLV,,,,,,
2013-02-22,SOLV,,,,,,
2013-02-25,SOLV,,,,,,
2013-02-26,SOLV,,,,,,
2013-02-27,SOLV,,,,,,
2013-02-28,SOLV,,,,,,
2013-03-01,SOLV,,,,,,
2013-03-04,SOLV,,,,,,
2013-03-05,SOLV,,,,,,
2013-03-06,SOLV,,,,,,
2013-03-07,SOLV,,,,,,
2013-03-08,SOLV,,,,,,
2013-03-11,SOLV,,,,,,
2013-03-12,SOLV,,,,,,
2013-03-13,SOLV,,,,,,
2013-03-14,SOLV,,,,,,
2013-03-15,SOLV,,,,,,
2013-03-18,SOLV,,,,,,
2013-03-19,SOLV,,,,,,
2013-03-20,SOLV,,,,,,
2013-03-21,SOLV,,,,,,
2013-03-22,SOLV,,,,,,
2013-03-25,SOLV,,,,,,
2013-03-26,SOLV,,,,,,
2013-03-27,SOLV,,,,,,
2013-03-28,SOLV,,,,,,
2013-04-01,SOLV,,,,,,
2013-04-02,SOLV,,,,,,
2013-04-03,SOLV,,,,,,
2013-04-04,SOLV,,,,,,
2013-04-05,SOLV,,,,,,
2013-04-08,SOLV,,,,,,
2013-04-09,SOLV,,,,,,
2013-04-10,SOLV,,,,,,
2013-04-11,SOLV,,,,,,
2013-04-12,SOLV,,,,,,
2013-04-15,SOLV,,,,,,
2013-04-16,SOLV,,,,,,
2013-04-17,SOLV,,,,,,
2013-04-18,SOLV,,,,,,
2013-04-19,SOLV,,,,,,
2013-04-22,SOLV,,,,,,
2013-04-23,SOLV,,,,,,
2013-04-24,SOLV,,,,,,
2013-04-25,SOLV,,,,,,
2013-04-26,SOLV,,,,,,
2013-04-29,SOLV,,,,,,
2013-04-30,SOLV,,,,,,
2013-05-01,SOLV,,,,,,
2013-05-02,SOLV,,,,,,
2013-05-03,SOLV,,,,,,
2013-05-06,SOLV,,,,,,
2013-05-07,SOLV,,,,,,
2013-05-08,SOLV,,,,,,
2013-05-09,SOLV,,,,,,
2013-05-10,SOLV,,,,,,
2013-05-13,SOLV,,,,,,
2013-05-14,SOLV,,,,,,
2013-05-15,SOLV,,,,,,
2013-05-16,SOLV,,,,,,
2013-05-17,SOLV,,,,,,
2013-05-20,SOLV,,,,,,
2013-05-21,SOLV,,,,,,
2013-05-22,SOLV,,,,,,
2013-05-23,SOLV,,,,,,
2013-05-24,SOLV,,,,,,
2013-05-28,SOLV,,,,,,
2013-05-29,SOLV,,,,,,
2013-05-30,SOLV,,,,,,
2013-05-31,SOLV,,,,,,
2013-06-03,SOLV,,,,,,
2013-06-04,SOLV,,,,,,
2013-06-05,SOLV,,,,,,
2013-06-06,SOLV,,,,,,
2013-06-07,SOLV,,,,,,
2013-06-10,SOLV,,,,,,
2013-06-11,SOLV,,,,,,
2013-06-12,SOLV,,,,,,
2013-06-13,SOLV,,,,,,
2013-06-14,SOLV,,,,,,
2013-06-17,SOLV,,,,,,
2013-06-18,SOLV,,,,,,
2013-06-19,SOLV,,,,,,
2013-06-20,SOLV,,,,,,
2013-06-21,SOLV,,,,,,
2013-06-24,SOLV,,,,,,
2013-06-25,SOLV,,,,,,
2013-06-26,SOLV,,,,,,
2013-06-27,SOLV,,,,,,
2013-06-28,SOLV,,,,,,
2013-07-01,SOLV,,,,,,
2013-07-02,SOLV,,,,,,
2013-07-03,SOLV,,,,,,
2013-07-05,SOLV,,,,,,
2013-07-08,SOLV,,,,,,
2013-07-09,SOLV,,,,,,
2013-07-10,SOLV,,,,,,
2013-07-11,SOLV,,,,,,
2013-07-12,SOLV,,,,,,
2013-07-15,SOLV,,,,,,
2013-07-16,SOLV,,,,,,
2013-07-17,SOLV,,,,,,
2013-07-18,SOLV,,,,,,
2013-07-19,SOLV,,,,,,
2013-07-22,SOLV,,,,,,
2013-07-23,SOLV,,,,,,
2013-07-24,SOLV,,,,,,
2013-07-25,SOLV,,,,,,
2013-07-26,SOLV,,,,,,
2013-07-29,SOLV,,,,,,
2013-07-30,SOLV,,,,,,
2013-07-31,SOLV,,,,,,
2013-08-01,SOLV,,,,,,
2013-08-02,SOLV,,,,,,
2013-08-05,SOLV,,,,,,
2013-08-06,SOLV,,,,,,
2013-08-07,SOLV,,,,,,
2013-08-08,SOLV,,,,,,
2013-08-09,SOLV,,,,,,
2013-08-12,SOLV,,,,,,
2013-08-13,SOLV,,,,,,
2013-08-14,SOLV,,,,,,
2013-08-15,SOLV,,,,,,
2013-08-16,SOLV,,,,,,
2013-08-19,SOLV,,,,,,
2013-08-20,SOLV,,,,,,
2013-08-21,SOLV,,,,,,
2013-08-22,SOLV,,,,,,
2013-08-23,SOLV,,,,,,
2013-08-26,SOLV,,,,,,
2013-08-27,SOLV,,,,,,
2013-08-28,SOLV,,,,,,
2013-08-29,SOLV,,,,,,
2013-08-30,SOLV,,,,,,
2013-09-03,SOLV,,,,,,
2013-09-04,SOLV,,,,,,
2013-09-05,SOLV,,,,,,
2013-09-06,SOLV,,,,,,
2013-09-09,SOLV,,,,,,
2013-09-10,SOLV,,,,,,
2013-09-11,SOLV,,,,,,
2013-09-12,SOLV,,,,,,
2013-09-13,SOLV,,,,,,
2013-09-16,SOLV,,,,,,
2013-09-17,SOLV,,,,,,
2013-09-18,SOLV,,,,,,
2013-09-19,SOLV,,,,,,
2013-09-20,SOLV,,,,,,
2013-09-23,SOLV,,,,,,
2013-09-24,SOLV,,,,,,
2013-09-25,SOLV,,,,,,
2013-09-26,SOLV,,,,,,
2013-09-27,SOLV,,,,,,
2013-09-30,SOLV,,,,,,
2013-10-01,SOLV,,,,,,
2013-10-02,SOLV,,,,,,
2013-10-03,SOLV,,,,,,
2013-10-04,SOLV,,,,,,
2013-10-07,SOLV,,,,,,
2013-10-08,SOLV,,,,,,
2013-10-09,SOLV,,,,,,
2013-10-10,SOLV,,,,,,
2013-10-11,SOLV,,,,,,
2013-10-14,SOLV,,,,,,
2013-10-15,SOLV,,,,,,
2013-10-16,SOLV,,,,,,
2013-10-17,SOLV,,,,,,
2013-10-18,SOLV,,,,,,
2013-10-21,SOLV,,,,,,
2013-10-22,SOLV,,,,,,
2013-10-23,SOLV,,,,,,
2013-10-24,SOLV,,,,,,
2013-10-25,SOLV,,,,,,
2013-10-28,SOLV,,,,,,
2013-10-29,SOLV,,,,,,
2013-10-30,SOLV,,,,,,
2013-10-31,SOLV,,,,,,
2013-11-01,SOLV,,,,,,
2013-11-04,SOLV,,,,,,
2013-11-05,SOLV,,,,,,
2013-11-06,SOLV,,,,,,
2013-11-07,SOLV,,,,,,
2013-11-08,SOLV,,,,,,
2013-11-11,SOLV,,,,,,
2013-11-12,SOLV,,,,,,
2013-11-13,SOLV,,,,,,
2013-11-14,SOLV,,,,,,
2013-11-15,SOLV,,,,,,
2013-11-18,SOLV,,,,,,
2013-11-19,SOLV,,,,,,
2013-11-20,SOLV,,,,,,
2013-11-21,SOLV,,,,,,
2013-11-22,SOLV,,,,,,
2013-11-25,SOLV,,,,,,
2013-11-26,SOLV,,,,,,
2013-11-27,SOLV,,,,,,
2013-11-29,SOLV,,,,,,
2013-12-02,SOLV,,,,,,
2013-12-03,SOLV,,,,,,
2013-12-04,SOLV,,,,,,
2013-12-05,SOLV,,,,,,
2013-12-06,SOLV,,,,,,
2013-12-09,SOLV,,,,,,
2013-12-10,SOLV,,,,,,
2013-12-11,SOLV,,,,,,
2013-12-12,SOLV,,,,,,
2013-12-13,SOLV,,,,,,
2013-12-16,SOLV,,,,,,
2013-12-17,SOLV,,,,,,
2013-12-18,SOLV,,,,,,
2013-12-19,SOLV,,,,,,
2013-12-20,SOLV,,,,,,
2013-12-23,SOLV,,,,,,
2013-12-24,SOLV,,,,,,
2013-12-26,SOLV,,,,,,
2013-12-27,SOLV,,,,,,
2013-12-30,SOLV,,,,,,
2013-12-31,SOLV,,,,,,
2014-01-02,SOLV,,,,,,
2014-01-03,SOLV,,,,,,
2014-01-06,SOLV,,,,,,
2014-01-07,SOLV,,,,,,
2014-01-08,SOLV,,,,,,
2014-01-09,SOLV,,,,,,
2014-01-10,SOLV,,,,,,
2014-01-13,SOLV,,,,,,
2014-01-14,SOLV,,,,,,
2014-01-15,SOLV,,,,,,
2014-01-16,SOLV,,,,,,
2014-01-17,SOLV,,,,,,
2014-01-21,SOLV,,,,,,
2014-01-22,SOLV,,,,,,
2014-01-23,SOLV,,,,,,
2014-01-24,SOLV,,,,,,
2014-01-27,SOLV,,,,,,
2014-01-28,SOLV,,,,,,
2014-01-29,SOLV,,,,,,
2014-01-30,SOLV,,,,,,
2014-01-31,SOLV,,,,,,
2014-02-03,SOLV,,,,,,
2014-02-04,SOLV,,,,,,
2014-02-05,SOLV,,,,,,
2014-02-06,SOLV,,,,,,
2014-02-07,SOLV,,,,,,
2014-02-10,SOLV,,,,,,
2014-02-11,SOLV,,,,,,
2014-02-12,SOLV,,,,,,
2014-02-13,SOLV,,,,,,
2014-02-14,SOLV,,,,,,
2014-02-18,SOLV,,,,,,
2014-02-19,SOLV,,,,,,
2014-02-20,SOLV,,,,,,
2014-02-21,SOLV,,,,,,
2014-02-24,SOLV,,,,,,
2014-02-25,SOLV,,,,,,
2014-02-26,SOLV,,,,,,
2014-02-27,SOLV,,,,,,
2014-02-28,SOLV,,,,,,
2014-03-03,SOLV,,,,,,
2014-03-04,SOLV,,,,,,
2014-03-05,SOLV,,,,,,
2014-03-06,SOLV,,,,,,
2014-03-07,SOLV,,,,,,
2014-03-10,SOLV,,,,,,
2014-03-11,SOLV,,,,,,
2014-03-12,SOLV,,,,,,
2014-03-13,SOLV,,,,,,
2014-03-14,SOLV,,,,,,
2014-03-17,SOLV,,,,,,
2014-03-18,SOLV,,,,,,
2014-03-19,SOLV,,,,,,
2014-03-20,SOLV,,,,,,
2014-03-21,SOLV,,,,,,
2014-03-24,SOLV,,,,,,
2014-03-25,SOLV,,,,,,
2014-03-26,SOLV,,,,,,
2014-03-27,SOLV,,,,,,
2014-03-28,SOLV,,,,,,
2014-03-31,SOLV,,,,,,
2014-04-01,SOLV,,,,,,
2014-04-02,SOLV,,,,,,
2014-04-03,SOLV,,,,,,
2014-04-04,SOLV,,,,,,
2014-04-07,SOLV,,,,,,
2014-04-08,SOLV,,,,,,
2014-04-09,SOLV,,,,,,
2014-04-10,SOLV,,,,,,
2014-04-11,SOLV,,,,,,
2014-04-14,SOLV,,,,,,
2014-04-15,SOLV,,,,,,
2014-04-16,SOLV,,,,,,
2014-04-17,SOLV,,,,,,
2014-04-21,SOLV,,,,,,
2014-04-22,SOLV,,,,,,
2014-04-23,SOLV,,,,,,
2014-04-24,SOLV,,,,,,
2014-04-25,SOLV,,,,,,
2014-04-28,SOLV,,,,,,
2014-04-29,SOLV,,,,,,
2014-04-30,SOLV,,,,,,
2014-05-01,SOLV,,,,,,
2014-05-02,SOLV,,,,,,
2014-05-05,SOLV,,,,,,
2014-05-06,SOLV,,,,,,
2014-05-07,SOLV,,,,,,
2014-05-08,SOLV,,,,,,
2014-05-09,SOLV,,,,,,
2014-05-12,SOLV,,,,,,
2014-05-13,SOLV,,,,,,
2014-05-14,SOLV,,,,,,
2014-05-15,SOLV,,,,,,
2014-05-16,SOLV,,,,,,
2014-05-19,SOLV,,,,,,
2014-05-20,SOLV,,,,,,
2014-05-21,SOLV,,,,,,
2014-05-22,SOLV,,,,,,
2014-05-23,SOLV,,,,,,
2014-05-27,SOLV,,,,,,
2014-05-28,SOLV,,,,,,
2014-05-29,SOLV,,,,,,
2014-05-30,SOLV,,,,,,
2014-06-02,SOLV,,,,,,
2014-06-03,SOLV,,,,,,
2014-06-04,SOLV,,,,,,
2014-06-05,SOLV,,,,,,
2014-06-06,SOLV,,,,,,
2014-06-09,SOLV,,,,,,
2014-06-10,SOLV,,,,,,
2014-06-11,SOLV,,,,,,
2014-06-12,SOLV,,,,,,
2014-06-13,SOLV,,,,,,
2014-06-16,SOLV,,,,,,
2014-06-17,SOLV,,,,,,
2014-06-18,SOLV,,,,,,
2014-06-19,SOLV,,,,,,
2014-06-20,SOLV,,,,,,
2014-06-23,SOLV,,,,,,
2014-06-24,SOLV,,,,,,
2014-06-25,SOLV,,,,,,
2014-06-26,SOLV,,,,,,
2014-06-27,SOLV,,,,,,
2014-06-30,SOLV,,,,,,
2014-07-01,SOLV,,,,,,
2014-07-02,SOLV,,,,,,
2014-07-03,SOLV,,,,,,
2014-07-07,SOLV,,,,,,
2014-07-08,SOLV,,,,,,
2014-07-09,SOLV,,,,,,
2014-07-10,SOLV,,,,,,
2014-07-11,SOLV,,,,,,
2014-07-14,SOLV,,,,,,
2014-07-15,SOLV,,,,,,
2014-07-16,SOLV,,,,,,
2014-07-17,SOLV,,,,,,
2014-07-18,SOLV,,,,,,
2014-07-21,SOLV,,,,,,
2014-07-22,SOLV,,,,,,
2014-07-23,SOLV,,,,,,
2014-07-24,SOLV,,,,,,
2014-07-25,SOLV,,,,,,
2014-07-28,SOLV,,,,,,
2014-07-29,SOLV,,,,,,
2014-07-30,SOLV,,,,,,
2014-07-31,SOLV,,,,,,
2014-08-01,SOLV,,,,,,
2014-08-04,SOLV,,,,,,
2014-08-05,SOLV,,,,,,
2014-08-06,SOLV,,,,,,
2014-08-07,SOLV,,,,,,
2014-08-08,SOLV,,,,,,
2014-08-11,SOLV,,,,,,
2014-08-12,SOLV,,,,,,
2014-08-13,SOLV,,,,,,
2014-08-14,SOLV,,,,,,
2014-08-15,SOLV,,,,,,
2014-08-18,SOLV,,,,,,
2014-08-19,SOLV,,,,,,
2014-08-20,SOLV,,,,,,
2014-08-21,SOLV,,,,,,
2014-08-22,SOLV,,,,,,
2014-08-25,SOLV,,,,,,
2014-08-26,SOLV,,,,,,
2014-08-27,SOLV,,,,,,
2014-08-28,SOLV,,,,,,
2014-08-29,SOLV,,,,,,
2014-09-02,SOLV,,,,,,
2014-09-03,SOLV,,,,,,
2014-09-04,SOLV,,,,,,
2014-09-05,SOLV,,,,,,
2014-09-08,SOLV,,,,,,
2014-09-09,SOLV,,,,,,
2014-09-10,SOLV,,,,,,
2014-09-11,SOLV,,,,,,
2014-09-12,SOLV,,,,,,
2014-09-15,SOLV,,,,,,
2014-09-16,SOLV,,,,,,
2014-09-17,SOLV,,,,,,
2014-09-18,SOLV,,,,,,
2014-09-19,SOLV,,,,,,
2014-09-22,SOLV,,,,,,
2014-09-23,SOLV,,,,,,
2014-09-24,SOLV,,,,,,
2014-09-25,SOLV,,,,,,
2014-09-26,SOLV,,,,,,
2014-09-29,SOLV,,,,,,
2014-09-30,SOLV,,,,,,
2014-10-01,SOLV,,,,,,
2014-10-02,SOLV,,,,,,
2014-10-03,SOLV,,,,,,
2014-10-06,SOLV,,,,,,
2014-10-07,SOLV,,,,,,
2014-10-08,SOLV,,,,,,
2014-10-09,SOLV,,,,,,
2014-10-10,SOLV,,,,,,
2014-10-13,SOLV,,,,,,
2014-10-14,SOLV,,,,,,
2014-10-15,SOLV,,,,,,
2014-10-16,SOLV,,,,,,
2014-10-17,SOLV,,,,,,
2014-10-20,SOLV,,,,,,
2014-10-21,SOLV,,,,,,
2014-10-22,SOLV,,,,,,
2014-10-23,SOLV,,,,,,
2014-10-24,SOLV,,,,,,
2014-10-27,SOLV,,,,,,
2014-10-28,SOLV,,,,,,
2014-10-29,SOLV,,,,,,
2014-10-30,SOLV,,,,,,
2014-10-31,SOLV,,,,,,
2014-11-03,SOLV,,,,,,
2014-11-04,SOLV,,,,,,
2014-11-05,SOLV,,,,,,
2014-11-06,SOLV,,,,,,
2014-11-07,SOLV,,,,,,
2014-11-10,SOLV,,,,,,
2014-11-11,SOLV,,,,,,
2014-11-12,SOLV,,,,,,
2014-11-13,SOLV,,,,,,
2014-11-14,SOLV,,,,,,
2014-11-17,SOLV,,,,,,
2014-11-18,SOLV,,,,,,
2014-11-19,SOLV,,,,,,
2014-11-20,SOLV,,,,,,
2014-11-21,SOLV,,,,,,
2014-11-24,SOLV,,,,,,
2014-11-25,SOLV,,,,,,
2014-11-26,SOLV,,,,,,
2014-11-28,SOLV,,,,,,
2014-12-01,SOLV,,,,,,
2014-12-02,SOLV,,,,,,
2014-12-03,SOLV,,,,,,
2014-12-04,SOLV,,,,,,
2014-12-05,SOLV,,,,,,
2014-12-08,SOLV,,,,,,
2014-12-09,SOLV,,,,,,
2014-12-10,SOLV,,,,,,
2014-12-11,SOLV,,,,,,
2014-12-12,SOLV,,,,,,
2014-12-15,SOLV,,,,,,
2014-12-16,SOLV,,,,,,
2014-12-17,SOLV,,,,,,
2014-12-18,SOLV,,,,,,
2014-12-19,SOLV,,,,,,
2014-12-22,SOLV,,,,,,
2014-12-23,SOLV,,,,,,
2014-12-24,SOLV,,,,,,
2014-12-26,SOLV,,,,,,
2014-12-29,SOLV,,,,,,
2014-12-30,SOLV,,,,,,
2014-12-31,SOLV,,,,,,
2015-01-02,SOLV,,,,,,
2015-01-05,SOLV,,,,,,
2015-01-06,SOLV,,,,,,
2015-01-07,SOLV,,,,,,
2015-01-08,SOLV,,,,,,
2015-01-09,SOLV,,,,,,
2015-01-12,SOLV,,,,,,
2015-01-13,SOLV,,,,,,
2015-01-14,SOLV,,,,,,
2015-01-15,SOLV,,,,,,
2015-01-16,SOLV,,,,,,
2015-01-20,SOLV,,,,,,
2015-01-21,SOLV,,,,,,
2015-01-22,SOLV,,,,,,
2015-01-23,SOLV,,,,,,
2015-01-26,SOLV,,,,,,
2015-01-27,SOLV,,,,,,
2015-01-28,SOLV,,,,,,
2015-01-29,SOLV,,,,,,
2015-01-30,SOLV,,,,,,
2015-02-02,SOLV,,,,,,
2015-02-03,SOLV,,,,,,
2015-02-04,SOLV,,,,,,
2015-02-05,SOLV,,,,,,
2015-02-06,SOLV,,,,,,
2015-02-09,SOLV,,,,,,
2015-02-10,SOLV,,,,,,
2015-02-11,SOLV,,,,,,
2015-02-12,SOLV,,,,,,
2015-02-13,SOLV,,,,,,
2015-02-17,SOLV,,,,,,
2015-02-18,SOLV,,,,,,
2015-02-19,SOLV,,,,,,
2015-02-20,SOLV,,,,,,
2015-02-23,SOLV,,,,,,
2015-02-24,SOLV,,,,,,
2015-02-25,SOLV,,,,,,
2015-02-26,SOLV,,,,,,
2015-02-27,SOLV,,,,,,
2015-03-02,SOLV,,,,,,
2015-03-03,SOLV,,,,,,
2015-03-04,SOLV,,,,,,
2015-03-05,SOLV,,,,,,
2015-03-06,SOLV,,,,,,
2015-03-09,SOLV,,,,,,
2015-03-10,SOLV,,,,,,
2015-03-11,SOLV,,,,,,
2015-03-12,SOLV,,,,,,
2015-03-13,SOLV,,,,,,
2015-03-16,SOLV,,,,,,
2015-03-17,SOLV,,,,,,
2015-03-18,SOLV,,,,,,
2015-03-19,SOLV,,,,,,
2015-03-20,SOLV,,,,,,
2015-03-23,SOLV,,,,,,
2015-03-24,SOLV,,,,,,
2015-03-25,SOLV,,,,,,
2015-03-26,SOLV,,,,,,
2015-03-27,SOLV,,,,,,
2015-03-30,SOLV,,,,,,
2015-03-31,SOLV,,,,,,
2015-04-01,SOLV,,,,,,
2015-04-02,SOLV,,,,,,
2015-04-06,SOLV,,,,,,
2015-04-07,SOLV,,,,,,
2015-04-08,SOLV,,,,,,
2015-04-09,SOLV,,,,,,
2015-04-10,SOLV,,,,,,
2015-04-13,SOLV,,,,,,
2015-04-14,SOLV,,,,,,
2015-04-15,SOLV,,,,,,
2015-04-16,SOLV,,,,,,
2015-04-17,SOLV,,,,,,
2015-04-20,SOLV,,,,,,
2015-04-21,SOLV,,,,,,
2015-04-22,SOLV,,,,,,
2015-04-23,SOLV,,,,,,
2015-04-24,SOLV,,,,,,
2015-04-27,SOLV,,,,,,
2015-04-28,SOLV,,,,,,
2015-04-29,SOLV,,,,,,
2015-04-30,SOLV,,,,,,
2015-05-01,SOLV,,,,,,
2015-05-04,SOLV,,,,,,
2015-05-05,SOLV,,,,,,
2015-05-06,SOLV,,,,,,
2015-05-07,SOLV,,,,,,
2015-05-08,SOLV,,,,,,
2015-05-11,SOLV,,,,,,
2015-05-12,SOLV,,,,,,
2015-05-13,SOLV,,,,,,
2015-05-14,SOLV,,,,,,
2015-05-15,SOLV,,,,,,
2015-05-18,SOLV,,,,,,
2015-05-19,SOLV,,,,,,
2015-05-20,SOLV,,,,,,
2015-05-21,SOLV,,,,,,
2015-05-22,SOLV,,,,,,
2015-05-26,SOLV,,,,,,
2015-05-27,SOLV,,,,,,
2015-05-28,SOLV,,,,,,
2015-05-29,SOLV,,,,,,
2015-06-01,SOLV,,,,,,
2015-06-02,SOLV,,,,,,
2015-06-03,SOLV,,,,,,
2015-06-04,SOLV,,,,,,
2015-06-05,SOLV,,,,,,
2015-06-08,SOLV,,,,,,
2015-06-09,SOLV,,,,,,
2015-06-10,SOLV,,,,,,
2015-06-11,SOLV,,,,,,
2015-06-12,SOLV,,,,,,
2015-06-15,SOLV,,,,,,
2015-06-16,SOLV,,,,,,
2015-06-17,SOLV,,,,,,
2015-06-18,SOLV,,,,,,
2015-06-19,SOLV,,,,,,
2015-06-22,SOLV,,,,,,
2015-06-23,SOLV,,,,,,
2015-06-24,SOLV,,,,,,
2015-06-25,SOLV,,,,,,
2015-06-26,SOLV,,,,,,
2015-06-29,SOLV,,,,,,
2015-06-30,SOLV,,,,,,
2015-07-01,SOLV,,,,,,
2015-07-02,SOLV,,,,,,
2015-07-06,SOLV,,,,,,
2015-07-07,SOLV,,,,,,
2015-07-08,SOLV,,,,,,
2015-07-09,SOLV,,,,,,
2015-07-10,SOLV,,,,,,
2015-07-13,SOLV,,,,,,
2015-07-14,SOLV,,,,,,
2015-07-15,SOLV,,,,,,
2015-07-16,SOLV,,,,,,
2015-07-17,SOLV,,,,,,
2015-07-20,SOLV,,,,,,
2015-07-21,SOLV,,,,,,
2015-07-22,SOLV,,,,,,
2015-07-23,SOLV,,,,,,
2015-07-24,SOLV,,,,,,
2015-07-27,SOLV,,,,,,
2015-07-28,SOLV,,,,,,
2015-07-29,SOLV,,,,,,
2015-07-30,SOLV,,,,,,
2015-07-31,SOLV,,,,,,
2015-08-03,SOLV,,,,,,
2015-08-04,SOLV,,,,,,
2015-08-05,SOLV,,,,,,
2015-08-06,SOLV,,,,,,
2015-08-07,SOLV,,,,,,
2015-08-10,SOLV,,,,,,
2015-08-11,SOLV,,,,,,
2015-08-12,SOLV,,,,,,
2015-08-13,SOLV,,,,,,
2015-08-14,SOLV,,,,,,
2015-08-17,SOLV,,,,,,
2015-08-18,SOLV,,,,,,
2015-08-19,SOLV,,,,,,
2015-08-20,SOLV,,,,,,
2015-08-21,SOLV,,,,,,
2015-08-24,SOLV,,,,,,
2015-08-25,SOLV,,,,,,
2015-08-26,SOLV,,,,,,
2015-08-27,SOLV,,,,,,
2015-08-28,SOLV,,,,,,
2015-08-31,SOLV,,,,,,
2015-09-01,SOLV,,,,,,
2015-09-02,SOLV,,,,,,
2015-09-03,SOLV,,,,,,
2015-09-04,SOLV,,,,,,
2015-09-08,SOLV,,,,,,
2015-09-09,SOLV,,,,,,
2015-09-10,SOLV,,,,,,
2015-09-11,SOLV,,,,,,
2015-09-14,SOLV,,,,,,
2015-09-15,SOLV,,,,,,
2015-09-16,SOLV,,,,,,
2015-09-17,SOLV,,,,,,
2015-09-18,SOLV,,,,,,
2015-09-21,SOLV,,,,,,
2015-09-22,SOLV,,,,,,
2015-09-23,SOLV,,,,,,
2015-09-24,SOLV,,,,,,
2015-09-25,SOLV,,,,,,
2015-09-28,SOLV,,,,,,
2015-09-29,SOLV,,,,,,
2015-09-30,SOLV,,,,,,
2015-10-01,SOLV,,,,,,
2015-10-02,SOLV,,,,,,
2015-10-05,SOLV,,,,,,
2015-10-06,SOLV,,,,,,
2015-10-07,SOLV,,,,,,
2015-10-08,SOLV,,,,,,
2015-10-09,SOLV,,,,,,
2015-10-12,SOLV,,,,,,
2015-10-13,SOLV,,,,,,
2015-10-14,SOLV,,,,,,
2015-10-15,SOLV,,,,,,
2015-10-16,SOLV,,,,,,
2015-10-19,SOLV,,,,,,
2015-10-20,SOLV,,,,,,
2015-10-21,SOLV,,,,,,
2015-10-22,SOLV,,,,,,
2015-10-23,SOLV,,,,,,
2015-10-26,SOLV,,,,,,
2015-10-27,SOLV,,,,,,
2015-10-28,SOLV,,,,,,
2015-10-29,SOLV,,,,,,
2015-10-30,SOLV,,,,,,
2015-11-02,SOLV,,,,,,
2015-11-03,SOLV,,,,,,
2015-11-04,SOLV,,,,,,
2015-11-05,SOLV,,,,,,
2015-11-06,SOLV,,,,,,
2015-11-09,SOLV,,,,,,
2015-11-10,SOLV,,,,,,
2015-11-11,SOLV,,,,,,
2015-11-12,SOLV,,,,,,
2015-11-13,SOLV,,,,,,
2015-11-16,SOLV,,,,,,
2015-11-17,SOLV,,,,,,
2015-11-18,SOLV,,,,,,
2015-11-19,SOLV,,,,,,
2015-11-20,SOLV,,,,,,
2015-11-23,SOLV,,,,,,
2015-11-24,SOLV,,,,,,
2015-11-25,SOLV,,,,,,
2015-11-27,SOLV,,,,,,
2015-11-30,SOLV,,,,,,
2015-12-01,SOLV,,,,,,
2015-12-02,SOLV,,,,,,
2015-12-03,SOLV,,,,,,
2015-12-04,SOLV,,,,,,
2015-12-07,SOLV,,,,,,
2015-12-08,SOLV,,,,,,
2015-12-09,SOLV,,,,,,
2015-12-10,SOLV,,,,,,
2015-12-11,SOLV,,,,,,
2015-12-14,SOLV,,,,,,
2015-12-15,SOLV,,,,,,
2015-12-16,SOLV,,,,,,
2015-12-17,SOLV,,,,,,
2015-12-18,SOLV,,,,,,
2015-12-21,SOLV,,,,,,
2015-12-22,SOLV,,,,,,
2015-12-23,SOLV,,,,,,
2015-12-24,SOLV,,,,,,
2015-12-28,SOLV,,,,,,
2015-12-29,SOLV,,,,,,
2015-12-30,SOLV,,,,,,
2015-12-31,SOLV,,,,,,
2016-01-04,SOLV,,,,,,
2016-01-05,SOLV,,,,,,
2016-01-06,SOLV,,,,,,
2016-01-07,SOLV,,,,,,
2016-01-08,SOLV,,,,,,
2016-01-11,SOLV,,,,,,
2016-01-12,SOLV,,,,,,
2016-01-13,SOLV,,,,,,
2016-01-14,SOLV,,,,,,
2016-01-15,SOLV,,,,,,
2016-01-19,SOLV,,,,,,
2016-01-20,SOLV,,,,,,
2016-01-21,SOLV,,,,,,
2016-01-22,SOLV,,,,,,
2016-01-25,SOLV,,,,,,
2016-01-26,SOLV,,,,,,
2016-01-27,SOLV,,,,,,
2016-01-28,SOLV,,,,,,
2016-01-29,SOLV,,,,,,
2016-02-01,SOLV,,,,,,
2016-02-02,SOLV,,,,,,
2016-02-03,SOLV,,,,,,
2016-02-04,SOLV,,,,,,
2016-02-05,SOLV,,,,,,
2016-02-08,SOLV,,,,,,
2016-02-09,SOLV,,,,,,
2016-02-10,SOLV,,,,,,
2016-02-11,SOLV,,,,,,
2016-02-12,SOLV,,,,,,
2016-02-16,SOLV,,,,,,
2016-02-17,SOLV,,,,,,
2016-02-18,SOLV,,,,,,
2016-02-19,SOLV,,,,,,
2016-02-22,SOLV,,,,,,
2016-02-23,SOLV,,,,,,
2016-02-24,SOLV,,,,,,
2016-02-25,SOLV,,,,,,
2016-02-26,SOLV,,,,,,
2016-02-29,SOLV,,,,,,
2016-03-01,SOLV,,,,,,
2016-03-02,SOLV,,,,,,
2016-03-03,SOLV,,,,,,
2016-03-04,SOLV,,,,,,
2016-03-07,SOLV,,,,,,
2016-03-08,SOLV,,,,,,
2016-03-09,SOLV,,,,,,
2016-03-10,SOLV,,,,,,
2016-03-11,SOLV,,,,,,
2016-03-14,SOLV,,,,,,
2016-03-15,SOLV,,,,,,
2016-03-16,SOLV,,,,,,
2016-03-17,SOLV,,,,,,
2016-03-18,SOLV,,,,,,
2016-03-21,SOLV,,,,,,
2016-03-22,SOLV,,,,,,
2016-03-23,SOLV,,,,,,
2016-03-24,SOLV,,,,,,
2016-03-28,SOLV,,,,,,
2016-03-29,SOLV,,,,,,
2016-03-30,SOLV,,,,,,
2016-03-31,SOLV,,,,,,
2016-04-01,SOLV,,,,,,
2016-04-04,SOLV,,,,,,
2016-04-05,SOLV,,,,,,
2016-04-06,SOLV,,,,,,
2016-04-07,SOLV,,,,,,
2016-04-08,SOLV,,,,,,
2016-04-11,SOLV,,,,,,
2016-04-12,SOLV,,,,,,
2016-04-13,SOLV,,,,,,
2016-04-14,SOLV,,,,,,
2016-04-15,SOLV,,,,,,
2016-04-18,SOLV,,,,,,
2016-04-19,SOLV,,,,,,
2016-04-20,SOLV,,,,,,
2016-04-21,SOLV,,,,,,
2016-04-22,SOLV,,,,,,
2016-04-25,SOLV,,,,,,
2016-04-26,SOLV,,,,,,
2016-04-27,SOLV,,,,,,
2016-04-28,SOLV,,,,,,
2016-04-29,SOLV,,,,,,
2016-05-02,SOLV,,,,,,
2016-05-03,SOLV,,,,,,
2016-05-04,SOLV,,,,,,
2016-05-05,SOLV,,,,,,
2016-05-06,SOLV,,,,,,
2016-05-09,SOLV,,,,,,
2016-05-10,SOLV,,,,,,
2016-05-11,SOLV,,,,,,
2016-05-12,SOLV,,,,,,
2016-05-13,SOLV,,,,,,
2016-05-16,SOLV,,,,,,
2016-05-17,SOLV,,,,,,
2016-05-18,SOLV,,,,,,
2016-05-19,SOLV,,,,,,
2016-05-20,SOLV,,,,,,
2016-05-23,SOLV,,,,,,
2016-05-24,SOLV,,,,,,
2016-05-25,SOLV,,,,,,
2016-05-26,SOLV,,,,,,
2016-05-27,SOLV,,,,,,
2016-05-31,SOLV,,,,,,
2016-06-01,SOLV,,,,,,
2016-06-02,SOLV,,,,,,
2016-06-03,SOLV,,,,,,
2016-06-06,SOLV,,,,,,
2016-06-07,SOLV,,,,,,
2016-06-08,SOLV,,,,,,
2016-06-09,SOLV,,,,,,
2016-06-10,SOLV,,,,,,
2016-06-13,SOLV,,,,,,
2016-06-14,SOLV,,,,,,
2016-06-15,SOLV,,,,,,
2016-06-16,SOLV,,,,,,
2016-06-17,SOLV,,,,,,
2016-06-20,SOLV,,,,,,
2016-06-21,SOLV,,,,,,
2016-06-22,SOLV,,,,,,
2016-06-23,SOLV,,,,,,
2016-06-24,SOLV,,,,,,
2016-06-27,SOLV,,,,,,
2016-06-28,SOLV,,,,,,
2016-06-29,SOLV,,,,,,
2016-06-30,SOLV,,,,,,
2016-07-01,SOLV,,,,,,
2016-07-05,SOLV,,,,,,
2016-07-06,SOLV,,,,,,
2016-07-07,SOLV,,,,,,
2016-07-08,SOLV,,,,,,
2016-07-11,SOLV,,,,,,
2016-07-12,SOLV,,,,,,
2016-07-13,SOLV,,,,,,
2016-07-14,SOLV,,,,,,
2016-07-15,SOLV,,,,,,
2016-07-18,SOLV,,,,,,
2016-07-19,SOLV,,,,,,
2016-07-20,SOLV,,,,,,
2016-07-21,SOLV,,,,,,
2016-07-22,SOLV,,,,,,
2016-07-25,SOLV,,,,,,
2016-07-26,SOLV,,,,,,
2016-07-27,SOLV,,,,,,
2016-07-28,SOLV,,,,,,
2016-07-29,SOLV,,,,,,
2016-08-01,SOLV,,,,,,
2016-08-02,SOLV,,,,,,
2016-08-03,SOLV,,,,,,
2016-08-04,SOLV,,,,,,
2016-08-05,SOLV,,,,,,
2016-08-08,SOLV,,,,,,
2016-08-09,SOLV,,,,,,
2016-08-10,SOLV,,,,,,
2016-08-11,SOLV,,,,,,
2016-08-12,SOLV,,,,,,
2016-08-15,SOLV,,,,,,
2016-08-16,SOLV,,,,,,
2016-08-17,SOLV,,,,,,
2016-08-18,SOLV,,,,,,
2016-08-19,SOLV,,,,,,
2016-08-22,SOLV,,,,,,
2016-08-23,SOLV,,,,,,
2016-08-24,SOLV,,,,,,
2016-08-25,SOLV,,,,,,
2016-08-26,SOLV,,,,,,
2016-08-29,SOLV,,,,,,
2016-08-30,SOLV,,,,,,
2016-08-31,SOLV,,,,,,
2016-09-01,SOLV,,,,,,
2016-09-02,SOLV,,,,,,
2016-09-06,SOLV,,,,,,
2016-09-07,SOLV,,,,,,
2016-09-08,SOLV,,,,,,
2016-09-09,SOLV,,,,,,
2016-09-12,SOLV,,,,,,
2016-09-13,SOLV,,,,,,
2016-09-14,SOLV,,,,,,
2016-09-15,SOLV,,,,,,
2016-09-16,SOLV,,,,,,
2016-09-19,SOLV,,,,,,
2016-09-20,SOLV,,,,,,
2016-09-21,SOLV,,,,,,
2016-09-22,SOLV,,,,,,
2016-09-23,SOLV,,,,,,
2016-09-26,SOLV,,,,,,
2016-09-27,SOLV,,,,,,
2016-09-28,SOLV,,,,,,
2016-09-29,SOLV,,,,,,
2016-09-30,SOLV,,,,,,
2016-10-03,SOLV,,,,,,
2016-10-04,SOLV,,,,,,
2016-10-05,SOLV,,,,,,
2016-10-06,SOLV,,,,,,
2016-10-07,SOLV,,,,,,
2016-10-10,SOLV,,,,,,
2016-10-11,SOLV,,,,,,
2016-10-12,SOLV,,,,,,
2016-10-13,SOLV,,,,,,
2016-10-14,SOLV,,,,,,
2016-10-17,SOLV,,,,,,
2016-10-18,SOLV,,,,,,
2016-10-19,SOLV,,,,,,
2016-10-20,SOLV,,,,,,
2016-10-21,SOLV,,,,,,
2016-10-24,SOLV,,,,,,
2016-10-25,SOLV,,,,,,
2016-10-26,SOLV,,,,,,
2016-10-27,SOLV,,,,,,
2016-10-28,SOLV,,,,,,
2016-10-31,SOLV,,,,,,
2016-11-01,SOLV,,,,,,
2016-11-02,SOLV,,,,,,
2016-11-03,SOLV,,,,,,
2016-11-04,SOLV,,,,,,
2016-11-07,SOLV,,,,,,
2016-11-08,SOLV,,,,,,
2016-11-09,SOLV,,,,,,
2016-11-10,SOLV,,,,,,
2016-11-11,SOLV,,,,,,
2016-11-14,SOLV,,,,,,
2016-11-15,SOLV,,,,,,
2016-11-16,SOLV,,,,,,
2016-11-17,SOLV,,,,,,
2016-11-18,SOLV,,,,,,
2016-11-21,SOLV,,,,,,
2016-11-22,SOLV,,,,,,
2016-11-23,SOLV,,,,,,
2016-11-25,SOLV,,,,,,
2016-11-28,SOLV,,,,,,
2016-11-29,SOLV,,,,,,
2016-11-30,SOLV,,,,,,
2016-12-01,SOLV,,,,,,
2016-12-02,SOLV,,,,,,
2016-12-05,SOLV,,,,,,
2016-12-06,SOLV,,,,,,
2016-12-07,SOLV,,,,,,
2016-12-08,SOLV,,,,,,
2016-12-09,SOLV,,,,,,
2016-12-12,SOLV,,,,,,
2016-12-13,SOLV,,,,,,
2016-12-14,SOLV,,,,,,
2016-12-15,SOLV,,,,,,
2016-12-16,SOLV,,,,,,
2016-12-19,SOLV,,,,,,
2016-12-20,SOLV,,,,,,
2016-12-21,SOLV,,,,,,
2016-12-22,SOLV,,,,,,
2016-12-23,SOLV,,,,,,
2016-12-27,SOLV,,,,,,
2016-12-28,SOLV,,,,,,
2016-12-29,SOLV,,,,,,
2016-12-30,SOLV,,,,,,
2017-01-03,SOLV,,,,,,
2017-01-04,SOLV,,,,,,
2017-01-05,SOLV,,,,,,
2017-01-06,SOLV,,,,,,
2017-01-09,SOLV,,,,,,
2017-01-10,SOLV,,,,,,
2017-01-11,SOLV,,,,,,
2017-01-12,SOLV,,,,,,
2017-01-13,SOLV,,,,,,
2017-01-17,SOLV,,,,,,
2017-01-18,SOLV,,,,,,
2017-01-19,SOLV,,,,,,
2017-01-20,SOLV,,,,,,
2017-01-23,SOLV,,,,,,
2017-01-24,SOLV,,,,,,
2017-01-25,SOLV,,,,,,
2017-01-26,SOLV,,,,,,
2017-01-27,SOLV,,,,,,
2017-01-30,SOLV,,,,,,
2017-01-31,SOLV,,,,,,
2017-02-01,SOLV,,,,,,
2017-02-02,SOLV,,,,,,
2017-02-03,SOLV,,,,,,
2017-02-06,SOLV,,,,,,
2017-02-07,SOLV,,,,,,
2017-02-08,SOLV,,,,,,
2017-02-09,SOLV,,,,,,
2017-02-10,SOLV,,,,,,
2017-02-13,SOLV,,,,,,
2017-02-14,SOLV,,,,,,
2017-02-15,SOLV,,,,,,
2017-02-16,SOLV,,,,,,
2017-02-17,SOLV,,,,,,
2017-02-21,SOLV,,,,,,
2017-02-22,SOLV,,,,,,
2017-02-23,SOLV,,,,,,
2017-02-24,SOLV,,,,,,
2017-02-27,SOLV,,,,,,
2017-02-28,SOLV,,,,,,
2017-03-01,SOLV,,,,,,
2017-03-02,SOLV,,,,,,
2017-03-03,SOLV,,,,,,
2017-03-06,SOLV,,,,,,
2017-03-07,SOLV,,,,,,
2017-03-08,SOLV,,,,,,
2017-03-09,SOLV,,,,,,
2017-03-10,SOLV,,,,,,
2017-03-13,SOLV,,,,,,
2017-03-14,SOLV,,,,,,
2017-03-15,SOLV,,,,,,
2017-03-16,SOLV,,,,,,
2017-03-17,SOLV,,,,,,
2017-03-20,SOLV,,,,,,
2017-03-21,SOLV,,,,,,
2017-03-22,SOLV,,,,,,
2017-03-23,SOLV,,,,,,
2017-03-24,SOLV,,,,,,
2017-03-27,SOLV,,,,,,
2017-03-28,SOLV,,,,,,
2017-03-29,SOLV,,,,,,
2017-03-30,SOLV,,,,,,
2017-03-31,SOLV,,,,,,
2017-04-03,SOLV,,,,,,
2017-04-04,SOLV,,,,,,
2017-04-05,SOLV,,,,,,
2017-04-06,SOLV,,,,,,
2017-04-07,SOLV,,,,,,
2017-04-10,SOLV,,,,,,
2017-04-11,SOLV,,,,,,
2017-04-12,SOLV,,,,,,
2017-04-13,SOLV,,,,,,
2017-04-17,SOLV,,,,,,
2017-04-18,SOLV,,,,,,
2017-04-19,SOLV,,,,,,
2017-04-20,SOLV,,,,,,
2017-04-21,SOLV,,,,,,
2017-04-24,SOLV,,,,,,
2017-04-25,SOLV,,,,,,
2017-04-26,SOLV,,,,,,
2017-04-27,SOLV,,,,,,
2017-04-28,SOLV,,,,,,
2017-05-01,SOLV,,,,,,
2017-05-02,SOLV,,,,,,
2017-05-03,SOLV,,,,,,
2017-05-04,SOLV,,,,,,
2017-05-05,SOLV,,,,,,
2017-05-08,SOLV,,,,,,
2017-05-09,SOLV,,,,,,
2017-05-10,SOLV,,,,,,
2017-05-11,SOLV,,,,,,
2017-05-12,SOLV,,,,,,
2017-05-15,SOLV,,,,,,
2017-05-16,SOLV,,,,,,
2017-05-17,SOLV,,,,,,
2017-05-18,SOLV,,,,,,
2017-05-19,SOLV,,,,,,
2017-05-22,SOLV,,,,,,
2017-05-23,SOLV,,,,,,
2017-05-24,SOLV,,,,,,
2017-05-25,SOLV,,,,,,
2017-05-26,SOLV,,,,,,
2017-05-30,SOLV,,,,,,
2017-05-31,SOLV,,,,,,
2017-06-01,SOLV,,,,,,
2017-06-02,SOLV,,,,,,
2017-06-05,SOLV,,,,,,
2017-06-06,SOLV,,,,,,
2017-06-07,SOLV,,,,,,
2017-06-08,SOLV,,,,,,
2017-06-09,SOLV,,,,,,
2017-06-12,SOLV,,,,,,
2017-06-13,SOLV,,,,,,
2017-06-14,SOLV,,,,,,
2017-06-15,SOLV,,,,,,
2017-06-16,SOLV,,,,,,
2017-06-19,SOLV,,,,,,
2017-06-20,SOLV,,,,,,
2017-06-21,SOLV,,,,,,
2017-06-22,SOLV,,,,,,
2017-06-23,SOLV,,,,,,
2017-06-26,SOLV,,,,,,
2017-06-27,SOLV,,,,,,
2017-06-28,SOLV,,,,,,
2017-06-29,SOLV,,,,,,
2017-06-30,SOLV,,,,,,
2017-07-03,SOLV,,,,,,
2017-07-05,SOLV,,,,,,
2017-07-06,SOLV,,,,,,
2017-07-07,SOLV,,,,,,
2017-07-10,SOLV,,,,,,
2017-07-11,SOLV,,,,,,
2017-07-12,SOLV,,,,,,
2017-07-13,SOLV,,,,,,
2017-07-14,SOLV,,,,,,
2017-07-17,SOLV,,,,,,
2017-07-18,SOLV,,,,,,
2017-07-19,SOLV,,,,,,
2017-07-20,SOLV,,,,,,
2017-07-21,SOLV,,,,,,
2017-07-24,SOLV,,,,,,
2017-07-25,SOLV,,,,,,
2017-07-26,SOLV,,,,,,
2017-07-27,SOLV,,,,,,
2017-07-28,SOLV,,,,,,
2017-07-31,SOLV,,,,,,
2017-08-01,SOLV,,,,,,
2017-08-02,SOLV,,,,,,
2017-08-03,SOLV,,,,,,
2017-08-04,SOLV,,,,,,
2017-08-07,SOLV,,,,,,
2017-08-08,SOLV,,,,,,
2017-08-09,SOLV,,,,,,
2017-08-10,SOLV,,,,,,
2017-08-11,SOLV,,,,,,
2017-08-14,SOLV,,,,,,
2017-08-15,SOLV,,,,,,
2017-08-16,SOLV,,,,,,
2017-08-17,SOLV,,,,,,
2017-08-18,SOLV,,,,,,
2017-08-21,SOLV,,,,,,
2017-08-22,SOLV,,,,,,
2017-08-23,SOLV,,,,,,
2017-08-24,SOLV,,,,,,
2017-08-25,SOLV,,,,,,
2017-08-28,SOLV,,,,,,
2017-08-29,SOLV,,,,,,
2017-08-30,SOLV,,,,,,
2017-08-31,SOLV,,,,,,
2017-09-01,SOLV,,,,,,
2017-09-05,SOLV,,,,,,
2017-09-06,SOLV,,,,,,
2017-09-07,SOLV,,,,,,
2017-09-08,SOLV,,,,,,
2017-09-11,SOLV,,,,,,
2017-09-12,SOLV,,,,,,
2017-09-13,SOLV,,,,,,
2017-09-14,SOLV,,,,,,
2017-09-15,SOLV,,,,,,
2017-09-18,SOLV,,,,,,
2017-09-19,SOLV,,,,,,
2017-09-20,SOLV,,,,,,
2017-09-21,SOLV,,,,,,
2017-09-22,SOLV,,,,,,
2017-09-25,SOLV,,,,,,
2017-09-26,SOLV,,,,,,
2017-09-27,SOLV,,,,,,
2017-09-28,SOLV,,,,,,
2017-09-29,SOLV,,,,,,
2017-10-02,SOLV,,,,,,
2017-10-03,SOLV,,,,,,
2017-10-04,SOLV,,,,,,
2017-10-05,SOLV,,,,,,
2017-10-06,SOLV,,,,,,
2017-10-09,SOLV,,,,,,
2017-10-10,SOLV,,,,,,
2017-10-11,SOLV,,,,,,
2017-10-12,SOLV,,,,,,
2017-10-13,SOLV,,,,,,
2017-10-16,SOLV,,,,,,
2017-10-17,SOLV,,,,,,
2017-10-18,SOLV,,,,,,
2017-10-19,SOLV,,,,,,
2017-10-20,SOLV,,,,,,
2017-10-23,SOLV,,,,,,
2017-10-24,SOLV,,,,,,
2017-10-25,SOLV,,,,,,
2017-10-26,SOLV,,,,,,
2017-10-27,SOLV,,,,,,
2017-10-30,SOLV,,,,,,
2017-10-31,SOLV,,,,,,
2017-11-01,SOLV,,,,,,
2017-11-02,SOLV,,,,,,
2017-11-03,SOLV,,,,,,
2017-11-06,SOLV,,,,,,
2017-11-07,SOLV,,,,,,
2017-11-08,SOLV,,,,,,
2017-11-09,SOLV,,,,,,
2017-11-10,SOLV,,,,,,
2017-11-13,SOLV,,,,,,
2017-11-14,SOLV,,,,,,
2017-11-15,SOLV,,,,,,
2017-11-16,SOLV,,,,,,
2017-11-17,SOLV,,,,,,
2017-11-20,SOLV,,,,,,
2017-11-21,SOLV,,,,,,
2017-11-22,SOLV,,,,,,
2017-11-24,SOLV,,,,,,
2017-11-27,SOLV,,,,,,
2017-11-28,SOLV,,,,,,
2017-11-29,SOLV,,,,,,
2017-11-30,SOLV,,,,,,
2017-12-01,SOLV,,,,,,
2017-12-04,SOLV,,,,,,
2017-12-05,SOLV,,,,,,
2017-12-06,SOLV,,,,,,
2017-12-07,SOLV,,,,,,
2017-12-08,SOLV,,,,,,
2017-12-11,SOLV,,,,,,
2017-12-12,SOLV,,,,,,
2017-12-13,SOLV,,,,,,
2017-12-14,SOLV,,,,,,
2017-12-15,SOLV,,,,,,
2017-12-18,SOLV,,,,,,
2017-12-19,SOLV,,,,,,
2017-12-20,SOLV,,,,,,
2017-12-21,SOLV,,,,,,
2017-12-22,SOLV,,,,,,
2017-12-26,SOLV,,,,,,
2017-12-27,SOLV,,,,,,
2017-12-28,SOLV,,,,,,
2017-12-29,SOLV,,,,,,
2018-01-02,SOLV,,,,,,
2018-01-03,SOLV,,,,,,
2018-01-04,SOLV,,,,,,
2018-01-05,SOLV,,,,,,
2018-01-08,SOLV,,,,,,
2018-01-09,SOLV,,,,,,
2018-01-10,SOLV,,,,,,
2018-01-11,SOLV,,,,,,
2018-01-12,SOLV,,,,,,
2018-01-16,SOLV,,,,,,
2018-01-17,SOLV,,,,,,
2018-01-18,SOLV,,,,,,
2018-01-19,SOLV,,,,,,
2018-01-22,SOLV,,,,,,
2018-01-23,SOLV,,,,,,
2018-01-24,SOLV,,,,,,
2018-01-25,SOLV,,,,,,
2018-01-26,SOLV,,,,,,
2018-01-29,SOLV,,,,,,
2018-01-30,SOLV,,,,,,
2018-01-31,SOLV,,,,,,
2018-02-01,SOLV,,,,,,
2018-02-02,SOLV,,,,,,
2018-02-05,SOLV,,,,,,
2018-02-06,SOLV,,,,,,
2018-02-07,SOLV,,,,,,
2018-02-08,SOLV,,,,,,
2018-02-09,SOLV,,,,,,
2018-02-12,SOLV,,,,,,
2018-02-13,SOLV,,,,,,
2018-02-14,SOLV,,,,,,
2018-02-15,SOLV,,,,,,
2018-02-16,SOLV,,,,,,
2018-02-20,SOLV,,,,,,
2018-02-21,SOLV,,,,,,
2018-02-22,SOLV,,,,,,
2018-02-23,SOLV,,,,,,
2018-02-26,SOLV,,,,,,
2018-02-27,SOLV,,,,,,
2018-02-28,SOLV,,,,,,
2018-03-01,SOLV,,,,,,
2018-03-02,SOLV,,,,,,
2018-03-05,SOLV,,,,,,
2018-03-06,SOLV,,,,,,
2018-03-07,SOLV,,,,,,
2018-03-08,SOLV,,,,,,
2018-03-09,SOLV,,,,,,
2018-03-12,SOLV,,,,,,
2018-03-13,SOLV,,,,,,
2018-03-14,SOLV,,,,,,
2018-03-15,SOLV,,,,,,
2018-03-16,SOLV,,,,,,
2018-03-19,SOLV,,,,,,
2018-03-20,SOLV,,,,,,
2018-03-21,SOLV,,,,,,
2018-03-22,SOLV,,,,,,
2018-03-23,SOLV,,,,,,
2018-03-26,SOLV,,,,,,
2018-03-27,SOLV,,,,,,
2018-03-28,SOLV,,,,,,
2018-03-29,SOLV,,,,,,
2018-04-02,SOLV,,,,,,
2018-04-03,SOLV,,,,,,
2018-04-04,SOLV,,,,,,
2018-04-05,SOLV,,,,,,
2018-04-06,SOLV,,,,,,
2018-04-09,SOLV,,,,,,
2018-04-10,SOLV,,,,,,
2018-04-11,SOLV,,,,,,
2018-04-12,SOLV,,,,,,
2018-04-13,SOLV,,,,,,
2018-04-16,SOLV,,,,,,
2018-04-17,SOLV,,,,,,
2018-04-18,SOLV,,,,,,
2018-04-19,SOLV,,,,,,
2018-04-20,SOLV,,,,,,
2018-04-23,SOLV,,,,,,
2018-04-24,SOLV,,,,,,
2018-04-25,SOLV,,,,,,
2018-04-26,SOLV,,,,,,
2018-04-27,SOLV,,,,,,
2018-04-30,SOLV,,,,,,
2018-05-01,SOLV,,,,,,
2018-05-02,SOLV,,,,,,
2018-05-03,SOLV,,,,,,
2018-05-04,SOLV,,,,,,
2018-05-07,SOLV,,,,,,
2018-05-08,SOLV,,,,,,
2018-05-09,SOLV,,,,,,
2018-05-10,SOLV,,,,,,
2018-05-11,SOLV,,,,,,
2018-05-14,SOLV,,,,,,
2018-05-15,SOLV,,,,,,
2018-05-16,SOLV,,,,,,
2018-05-17,SOLV,,,,,,
2018-05-18,SOLV,,,,,,
2018-05-21,SOLV,,,,,,
2018-05-22,SOLV,,,,,,
2018-05-23,SOLV,,,,,,
2018-05-24,SOLV,,,,,,
2018-05-25,SOLV,,,,,,
2018-05-29,SOLV,,,,,,
2018-05-30,SOLV,,,,,,
2018-05-31,SOLV,,,,,,
2018-06-01,SOLV,,,,,,
2018-06-04,SOLV,,,,,,
2018-06-05,SOLV,,,,,,
2018-06-06,SOLV,,,,,,
2018-06-07,SOLV,,,,,,
2018-06-08,SOLV,,,,,,
2018-06-11,SOLV,,,,,,
2018-06-12,SOLV,,,,,,
2018-06-13,SOLV,,,,,,
2018-06-14,SOLV,,,,,,
2018-06-15,SOLV,,,,,,
2018-06-18,SOLV,,,,,,
2018-06-19,SOLV,,,,,,
2018-06-20,SOLV,,,,,,
2018-06-21,SOLV,,,,,,
2018-06-22,SOLV,,,,,,
2018-06-25,SOLV,,,,,,
2018-06-26,SOLV,,,,,,
2018-06-27,SOLV,,,,,,
2018-06-28,SOLV,,,,,,
2018-06-29,SOLV,,,,,,
2018-07-02,SOLV,,,,,,
2018-07-03,SOLV,,,,,,
2018-07-05,SOLV,,,,,,
2018-07-06,SOLV,,,,,,
2018-07-09,SOLV,,,,,,
2018-07-10,SOLV,,,,,,
2018-07-11,SOLV,,,,,,
2018-07-12,SOLV,,,,,,
2018-07-13,SOLV,,,,,,
2018-07-16,SOLV,,,,,,
2018-07-17,SOLV,,,,,,
2018-07-18,SOLV,,,,,,
2018-07-19,SOLV,,,,,,
2018-07-20,SOLV,,,,,,
2018-07-23,SOLV,,,,,,
2018-07-24,SOLV,,,,,,
2018-07-25,SOLV,,,,,,
2018-07-26,SOLV,,,,,,
2018-07-27,SOLV,,,,,,
2018-07-30,SOLV,,,,,,
2018-07-31,SOLV,,,,,,
2018-08-01,SOLV,,,,,,
2018-08-02,SOLV,,,,,,
2018-08-03,SOLV,,,,,,
2018-08-06,SOLV,,,,,,
2018-08-07,SOLV,,,,,,
2018-08-08,SOLV,,,,,,
2018-08-09,SOLV,,,,,,
2018-08-10,SOLV,,,,,,
2018-08-13,SOLV,,,,,,
2018-08-14,SOLV,,,,,,
2018-08-15,SOLV,,,,,,
2018-08-16,SOLV,,,,,,
2018-08-17,SOLV,,,,,,
2018-08-20,SOLV,,,,,,
2018-08-21,SOLV,,,,,,
2018-08-22,SOLV,,,,,,
2018-08-23,SOLV,,,,,,
2018-08-24,SOLV,,,,,,
2018-08-27,SOLV,,,,,,
2018-08-28,SOLV,,,,,,
2018-08-29,SOLV,,,,,,
2018-08-30,SOLV,,,,,,
2018-08-31,SOLV,,,,,,
2018-09-04,SOLV,,,,,,
2018-09-05,SOLV,,,,,,
2018-09-06,SOLV,,,,,,
2018-09-07,SOLV,,,,,,
2018-09-10,SOLV,,,,,,
2018-09-11,SOLV,,,,,,
2018-09-12,SOLV,,,,,,
2018-09-13,SOLV,,,,,,
2018-09-14,SOLV,,,,,,
2018-09-17,SOLV,,,,,,
2018-09-18,SOLV,,,,,,
2018-09-19,SOLV,,,,,,
2018-09-20,SOLV,,,,,,
2018-09-21,SOLV,,,,,,
2018-09-24,SOLV,,,,,,
2018-09-25,SOLV,,,,,,
2018-09-26,SOLV,,,,,,
2018-09-27,SOLV,,,,,,
2018-09-28,SOLV,,,,,,
2018-10-01,SOLV,,,,,,
2018-10-02,SOLV,,,,,,
2018-10-03,SOLV,,,,,,
2018-10-04,SOLV,,,,,,
2018-10-05,SOLV,,,,,,
2018-10-08,SOLV,,,,,,
2018-10-09,SOLV,,,,,,
2018-10-10,SOLV,,,,,,
2018-10-11,SOLV,,,,,,
2018-10-12,SOLV,,,,,,
2018-10-15,SOLV,,,,,,
2018-10-16,SOLV,,,,,,
2018-10-17,SOLV,,,,,,
2018-10-18,SOLV,,,,,,
2018-10-19,SOLV,,,,,,
2018-10-22,SOLV,,,,,,
2018-10-23,SOLV,,,,,,
2018-10-24,SOLV,,,,,,
2018-10-25,SOLV,,,,,,
2018-10-26,SOLV,,,,,,
2018-10-29,SOLV,,,,,,
2018-10-30,SOLV,,,,,,
2018-10-31,SOLV,,,,,,
2018-11-01,SOLV,,,,,,
2018-11-02,SOLV,,,,,,
2018-11-05,SOLV,,,,,,
2018-11-06,SOLV,,,,,,
2018-11-07,SOLV,,,,,,
2018-11-08,SOLV,,,,,,
2018-11-09,SOLV,,,,,,
2018-11-12,SOLV,,,,,,
2018-11-13,SOLV,,,,,,
2018-11-14,SOLV,,,,,,
2018-11-15,SOLV,,,,,,
2018-11-16,SOLV,,,,,,
2018-11-19,SOLV,,,,,,
2018-11-20,SOLV,,,,,,
2018-11-21,SOLV,,,,,,
2018-11-23,SOLV,,,,,,
2018-11-26,SOLV,,,,,,
2018-11-27,SOLV,,,,,,
2018-11-28,SOLV,,,,,,
2018-11-29,SOLV,,,,,,
2018-11-30,SOLV,,,,,,
2018-12-03,SOLV,,,,,,
2018-12-04,SOLV,,,,,,
2018-12-06,SOLV,,,,,,
2018-12-07,SOLV,,,,,,
2018-12-10,SOLV,,,,,,
2018-12-11,SOLV,,,,,,
2018-12-12,SOLV,,,,,,
2018-12-13,SOLV,,,,,,
2018-12-14,SOLV,,,,,,
2018-12-17,SOLV,,,,,,
2018-12-18,SOLV,,,,,,
2018-12-19,SOLV,,,,,,
2018-12-20,SOLV,,,,,,
2018-12-21,SOLV,,,,,,
2018-12-24,SOLV,,,,,,
2018-12-26,SOLV,,,,,,
2018-12-27,SOLV,,,,,,
2018-12-28,SOLV,,,,,,
2018-12-31,SOLV,,,,,,
2019-01-02,SOLV,,,,,,
2019-01-03,SOLV,,,,,,
2019-01-04,SOLV,,,,,,
2019-01-07,SOLV,,,,,,
2019-01-08,SOLV,,,,,,
2019-01-09,SOLV,,,,,,
2019-01-10,SOLV,,,,,,
2019-01-11,SOLV,,,,,,
2019-01-14,SOLV,,,,,,
2019-01-15,SOLV,,,,,,
2019-01-16,SOLV,,,,,,
2019-01-17,SOLV,,,,,,
2019-01-18,SOLV,,,,,,
2019-01-22,SOLV,,,,,,
2019-01-23,SOLV,,,,,,
2019-01-24,SOLV,,,,,,
2019-01-25,SOLV,,,,,,
2019-01-28,SOLV,,,,,,
2019-01-29,SOLV,,,,,,
2019-01-30,SOLV,,,,,,
2019-01-31,SOLV,,,,,,
2019-02-01,SOLV,,,,,,
2019-02-04,SOLV,,,,,,
2019-02-05,SOLV,,,,,,
2019-02-06,SOLV,,,,,,
2019-02-07,SOLV,,,,,,
2019-02-08,SOLV,,,,,,
2019-02-11,SOLV,,,,,,
2019-02-12,SOLV,,,,,,
2019-02-13,SOLV,,,,,,
2019-02-14,SOLV,,,,,,
2019-02-15,SOLV,,,,,,
2019-02-19,SOLV,,,,,,
2019-02-20,SOLV,,,,,,
2019-02-21,SOLV,,,,,,
2019-02-22,SOLV,,,,,,
2019-02-25,SOLV,,,,,,
2019-02-26,SOLV,,,,,,
2019-02-27,SOLV,,,,,,
2019-02-28,SOLV,,,,,,
2019-03-01,SOLV,,,,,,
2019-03-04,SOLV,,,,,,
2019-03-05,SOLV,,,,,,
2019-03-06,SOLV,,,,,,
2019-03-07,SOLV,,,,,,
2019-03-08,SOLV,,,,,,
2019-03-11,SOLV,,,,,,
2019-03-12,SOLV,,,,,,
2019-03-13,SOLV,,,,,,
2019-03-14,SOLV,,,,,,
2019-03-15,SOLV,,,,,,
2019-03-18,SOLV,,,,,,
2019-03-19,SOLV,,,,,,
2019-03-20,SOLV,,,,,,
2019-03-21,SOLV,,,,,,
2019-03-22,SOLV,,,,,,
2019-03-25,SOLV,,,,,,
2019-03-26,SOLV,,,,,,
2019-03-27,SOLV,,,,,,
2019-03-28,SOLV,,,,,,
2019-03-29,SOLV,,,,,,
2019-04-01,SOLV,,,,,,
2019-04-02,SOLV,,,,,,
2019-04-03,SOLV,,,,,,
2019-04-04,SOLV,,,,,,
2019-04-05,SOLV,,,,,,
2019-04-08,SOLV,,,,,,
2019-04-09,SOLV,,,,,,
2019-04-10,SOLV,,,,,,
2019-04-11,SOLV,,,,,,
2019-04-12,SOLV,,,,,,
2019-04-15,SOLV,,,,,,
2019-04-16,SOLV,,,,,,
2019-04-17,SOLV,,,,,,
2019-04-18,SOLV,,,,,,
2019-04-22,SOLV,,,,,,
2019-04-23,SOLV,,,,,,
2019-04-24,SOLV,,,,,,
2019-04-25,SOLV,,,,,,
2019-04-26,SOLV,,,,,,
2019-04-29,SOLV,,,,,,
2019-04-30,SOLV,,,,,,
2019-05-01,SOLV,,,,,,
2019-05-02,SOLV,,,,,,
2019-05-03,SOLV,,,,,,
2019-05-06,SOLV,,,,,,
2019-05-07,SOLV,,,,,,
2019-05-08,SOLV,,,,,,
2019-05-09,SOLV,,,,,,
2019-05-10,SOLV,,,,,,
2019-05-13,SOLV,,,,,,
2019-05-14,SOLV,,,,,,
2019-05-15,SOLV,,,,,,
2019-05-16,SOLV,,,,,,
2019-05-17,SOLV,,,,,,
2019-05-20,SOLV,,,,,,
2019-05-21,SOLV,,,,,,
2019-05-22,SOLV,,,,,,
2019-05-23,SOLV,,,,,,
2019-05-24,SOLV,,,,,,
2019-05-28,SOLV,,,,,,
2019-05-29,SOLV,,,,,,
2019-05-30,SOLV,,,,,,
2019-05-31,SOLV,,,,,,
2019-06-03,SOLV,,,,,,
2019-06-04,SOLV,,,,,,
2019-06-05,SOLV,,,,,,
2019-06-06,SOLV,,,,,,
2019-06-07,SOLV,,,,,,
2019-06-10,SOLV,,,,,,
2019-06-11,SOLV,,,,,,
2019-06-12,SOLV,,,,,,
2019-06-13,SOLV,,,,,,
2019-06-14,SOLV,,,,,,
2019-06-17,SOLV,,,,,,
2019-06-18,SOLV,,,,,,
2019-06-19,SOLV,,,,,,
2019-06-20,SOLV,,,,,,
2019-06-21,SOLV,,,,,,
2019-06-24,SOLV,,,,,,
2019-06-25,SOLV,,,,,,
2019-06-26,SOLV,,,,,,
2019-06-27,SOLV,,,,,,
2019-06-28,SOLV,,,,,,
2019-07-01,SOLV,,,,,,
2019-07-02,SOLV,,,,,,
2019-07-03,SOLV,,,,,,
2019-07-05,SOLV,,,,,,
2019-07-08,SOLV,,,,,,
2019-07-09,SOLV,,,,,,
2019-07-10,SOLV,,,,,,
2019-07-11,SOLV,,,,,,
2019-07-12,SOLV,,,,,,
2019-07-15,SOLV,,,,,,
2019-07-16,SOLV,,,,,,
2019-07-17,SOLV,,,,,,
2019-07-18,SOLV,,,,,,
2019-07-19,SOLV,,,,,,
2019-07-22,SOLV,,,,,,
2019-07-23,SOLV,,,,,,
2019-07-24,SOLV,,,,,,
2019-07-25,SOLV,,,,,,
2019-07-26,SOLV,,,,,,
2019-07-29,SOLV,,,,,,
2019-07-30,SOLV,,,,,,
2019-07-31,SOLV,,,,,,
2019-08-01,SOLV,,,,,,
2019-08-02,SOLV,,,,,,
2019-08-05,SOLV,,,,,,
2019-08-06,SOLV,,,,,,
2019-08-07,SOLV,,,,,,
2019-08-08,SOLV,,,,,,
2019-08-09,SOLV,,,,,,
2019-08-12,SOLV,,,,,,
2019-08-13,SOLV,,,,,,
2019-08-14,SOLV,,,,,,
2019-08-15,SOLV,,,,,,
2019-08-16,SOLV,,,,,,
2019-08-19,SOLV,,,,,,
2019-08-20,SOLV,,,,,,
2019-08-21,SOLV,,,,,,
2019-08-22,SOLV,,,,,,
2019-08-23,SOLV,,,,,,
2019-08-26,SOLV,,,,,,
2019-08-27,SOLV,,,,,,
2019-08-28,SOLV,,,,,,
2019-08-29,SOLV,,,,,,
2019-08-30,SOLV,,,,,,
2019-09-03,SOLV,,,,,,
2019-09-04,SOLV,,,,,,
2019-09-05,SOLV,,,,,,
2019-09-06,SOLV,,,,,,
2019-09-09,SOLV,,,,,,
2019-09-10,SOLV,,,,,,
2019-09-11,SOLV,,,,,,
2019-09-12,SOLV,,,,,,
2019-09-13,SOLV,,,,,,
2019-09-16,SOLV,,,,,,
2019-09-17,SOLV,,,,,,
2019-09-18,SOLV,,,,,,
2019-09-19,SOLV,,,,,,
2019-09-20,SOLV,,,,,,
2019-09-23,SOLV,,,,,,
2019-09-24,SOLV,,,,,,
2019-09-25,SOLV,,,,,,
2019-09-26,SOLV,,,,,,
2019-09-27,SOLV,,,,,,
2019-09-30,SOLV,,,,,,
2019-10-01,SOLV,,,,,,
2019-10-02,SOLV,,,,,,
2019-10-03,SOLV,,,,,,
2019-10-04,SOLV,,,,,,
2019-10-07,SOLV,,,,,,
2019-10-08,SOLV,,,,,,
2019-10-09,SOLV,,,,,,
2019-10-10,SOLV,,,,,,
2019-10-11,SOLV,,,,,,
2019-10-14,SOLV,,,,,,
2019-10-15,SOLV,,,,,,
2019-10-16,SOLV,,,,,,
2019-10-17,SOLV,,,,,,
2019-10-18,SOLV,,,,,,
2019-10-21,SOLV,,,,,,
2019-10-22,SOLV,,,,,,
2019-10-23,SOLV,,,,,,
2019-10-24,SOLV,,,,,,
2019-10-25,SOLV,,,,,,
2019-10-28,SOLV,,,,,,
2019-10-29,SOLV,,,,,,
2019-10-30,SOLV,,,,,,
2019-10-31,SOLV,,,,,,
2019-11-01,SOLV,,,,,,
2019-11-04,SOLV,,,,,,
2019-11-05,SOLV,,,,,,
2019-11-06,SOLV,,,,,,
2019-11-07,SOLV,,,,,,
2019-11-08,SOLV,,,,,,
2019-11-11,SOLV,,,,,,
2019-11-12,SOLV,,,,,,
2019-11-13,SOLV,,,,,,
2019-11-14,SOLV,,,,,,
2019-11-15,SOLV,,,,,,
2019-11-18,SOLV,,,,,,
2019-11-19,SOLV,,,,,,
2019-11-20,SOLV,,,,,,
2019-11-21,SOLV,,,,,,
2019-11-22,SOLV,,,,,,
2019-11-25,SOLV,,,,,,
2019-11-26,SOLV,,,,,,
2019-11-27,SOLV,,,,,,
2019-11-29,SOLV,,,,,,
2019-12-02,SOLV,,,,,,
2019-12-03,SOLV,,,,,,
2019-12-04,SOLV,,,,,,
2019-12-05,SOLV,,,,,,
2019-12-06,SOLV,,,,,,
2019-12-09,SOLV,,,,,,
2019-12-10,SOLV,,,,,,
2019-12-11,SOLV,,,,,,
2019-12-12,SOLV,,,,,,
2019-12-13,SOLV,,,,,,
2019-12-16,SOLV,,,,,,
2019-12-17,SOLV,,,,,,
2019-12-18,SOLV,,,,,,
2019-12-19,SOLV,,,,,,
2019-12-20,SOLV,,,,,,
2019-12-23,SOLV,,,,,,
2019-12-24,SOLV,,,,,,
2019-12-26,SOLV,,,,,,
2019-12-27,SOLV,,,,,,
2019-12-30,SOLV,,,,,,
2019-12-31,SOLV,,,,,,
2020-01-02,SOLV,,,,,,
2020-01-03,SOLV,,,,,,
2020-01-06,SOLV,,,,,,
2020-01-07,SOLV,,,,,,
2020-01-08,SOLV,,,,,,
2020-01-09,SOLV,,,,,,
2020-01-10,SOLV,,,,,,
2020-01-13,SOLV,,,,,,
2020-01-14,SOLV,,,,,,
2020-01-15,SOLV,,,,,,
2020-01-16,SOLV,,,,,,
2020-01-17,SOLV,,,,,,
2020-01-21,SOLV,,,,,,
2020-01-22,SOLV,,,,,,
2020-01-23,SOLV,,,,,,
2020-01-24,SOLV,,,,,,
2020-01-27,SOLV,,,,,,
2020-01-28,SOLV,,,,,,
2020-01-29,SOLV,,,,,,
2020-01-30,SOLV,,,,,,
2020-01-31,SOLV,,,,,,
2020-02-03,SOLV,,,,,,
2020-02-04,SOLV,,,,,,
2020-02-05,SOLV,,,,,,
2020-02-06,SOLV,,,,,,
2020-02-07,SOLV,,,,,,
2020-02-10,SOLV,,,,,,
2020-02-11,SOLV,,,,,,
2020-02-12,SOLV,,,,,,
2020-02-13,SOLV,,,,,,
2020-02-14,SOLV,,,,,,
2020-02-18,SOLV,,,,,,
2020-02-19,SOLV,,,,,,
2020-02-20,SOLV,,,,,,
2020-02-21,SOLV,,,,,,
2020-02-24,SOLV,,,,,,
2020-02-25,SOLV,,,,,,
2020-02-26,SOLV,,,,,,
2020-02-27,SOLV,,,,,,
2020-02-28,SOLV,,,,,,
2020-03-02,SOLV,,,,,,
2020-03-03,SOLV,,,,,,
2020-03-04,SOLV,,,,,,
2020-03-05,SOLV,,,,,,
2020-03-06,SOLV,,,,,,
2020-03-09,SOLV,,,,,,
2020-03-10,SOLV,,,,,,
2020-03-11,SOLV,,,,,,
2020-03-12,SOLV,,,,,,
2020-03-13,SOLV,,,,,,
2020-03-16,SOLV,,,,,,
2020-03-17,SOLV,,,,,,
2020-03-18,SOLV,,,,,,
2020-03-19,SOLV,,,,,,
2020-03-20,SOLV,,,,,,
2020-03-23,SOLV,,,,,,
2020-03-24,SOLV,,,,,,
2020-03-25,SOLV,,,,,,
2020-03-26,SOLV,,,,,,
2020-03-27,SOLV,,,,,,
2020-03-30,SOLV,,,,,,
2020-03-31,SOLV,,,,,,
2020-04-01,SOLV,,,,,,
2020-04-02,SOLV,,,,,,
2020-04-03,SOLV,,,,,,
2020-04-06,SOLV,,,,,,
2020-04-07,SOLV,,,,,,
2020-04-08,SOLV,,,,,,
2020-04-09,SOLV,,,,,,
2020-04-13,SOLV,,,,,,
2020-04-14,SOLV,,,,,,
2020-04-15,SOLV,,,,,,
2020-04-16,SOLV,,,,,,
2020-04-17,SOLV,,,,,,
2020-04-20,SOLV,,,,,,
2020-04-21,SOLV,,,,,,
2020-04-22,SOLV,,,,,,
2020-04-23,SOLV,,,,,,
2020-04-24,SOLV,,,,,,
2020-04-27,SOLV,,,,,,
2020-04-28,SOLV,,,,,,
2020-04-29,SOLV,,,,,,
2020-04-30,SOLV,,,,,,
2020-05-01,SOLV,,,,,,
2020-05-04,SOLV,,,,,,
2020-05-05,SOLV,,,,,,
2020-05-06,SOLV,,,,,,
2020-05-07,SOLV,,,,,,
2020-05-08,SOLV,,,,,,
2020-05-11,SOLV,,,,,,
2020-05-12,SOLV,,,,,,
2020-05-13,SOLV,,,,,,
2020-05-14,SOLV,,,,,,
2020-05-15,SOLV,,,,,,
2020-05-18,SOLV,,,,,,
2020-05-19,SOLV,,,,,,
2020-05-20,SOLV,,,,,,
2020-05-21,SOLV,,,,,,
2020-05-22,SOLV,,,,,,
2020-05-26,SOLV,,,,,,
2020-05-27,SOLV,,,,,,
2020-05-28,SOLV,,,,,,
2020-05-29,SOLV,,,,,,
2020-06-01,SOLV,,,,,,
2020-06-02,SOLV,,,,,,
2020-06-03,SOLV,,,,,,
2020-06-04,SOLV,,,,,,
2020-06-05,SOLV,,,,,,
2020-06-08,SOLV,,,,,,
2020-06-09,SOLV,,,,,,
2020-06-10,SOLV,,,,,,
2020-06-11,SOLV,,,,,,
2020-06-12,SOLV,,,,,,
2020-06-15,SOLV,,,,,,
2020-06-16,SOLV,,,,,,
2020-06-17,SOLV,,,,,,
2020-06-18,SOLV,,,,,,
2020-06-19,SOLV,,,,,,
2020-06-22,SOLV,,,,,,
2020-06-23,SOLV,,,,,,
2020-06-24,SOLV,,,,,,
2020-06-25,SOLV,,,,,,
2020-06-26,SOLV,,,,,,
2020-06-29,SOLV,,,,,,
2020-06-30,SOLV,,,,,,
2020-07-01,SOLV,,,,,,
2020-07-02,SOLV,,,,,,
2020-07-06,SOLV,,,,,,
2020-07-07,SOLV,,,,,,
2020-07-08,SOLV,,,,,,
2020-07-09,SOLV,,,,,,
2020-07-10,SOLV,,,,,,
2020-07-13,SOLV,,,,,,
2020-07-14,SOLV,,,,,,
2020-07-15,SOLV,,,,,,
2020-07-16,SOLV,,,,,,
2020-07-17,SOLV,,,,,,
2020-07-20,SOLV,,,,,,
2020-07-21,SOLV,,,,,,
2020-07-22,SOLV,,,,,,
2020-07-23,SOLV,,,,,,
2020-07-24,SOLV,,,,,,
2020-07-27,SOLV,,,,,,
2020-07-28,SOLV,,,,,,
2020-07-29,SOLV,,,,,,
2020-07-30,SOLV,,,,,,
2020-07-31,SOLV,,,,,,
2020-08-03,SOLV,,,,,,
2020-08-04,SOLV,,,,,,
2020-08-05,SOLV,,,,,,
2020-08-06,SOLV,,,,,,
2020-08-07,SOLV,,,,,,
2020-08-10,SOLV,,,,,,
2020-08-11,SOLV,,,,,,
2020-08-12,SOLV,,,,,,
2020-08-13,SOLV,,,,,,
2020-08-14,SOLV,,,,,,
2020-08-17,SOLV,,,,,,
2020-08-18,SOLV,,,,,,
2020-08-19,SOLV,,,,,,
2020-08-20,SOLV,,,,,,
2020-08-21,SOLV,,,,,,
2020-08-24,SOLV,,,,,,
2020-08-25,SOLV,,,,,,
2020-08-26,SOLV,,,,,,
2020-08-27,SOLV,,,,,,
2020-08-28,SOLV,,,,,,
2020-08-31,SOLV,,,,,,
2020-09-01,SOLV,,,,,,
2020-09-02,SOLV,,,,,,
2020-09-03,SOLV,,,,,,
2020-09-04,SOLV,,,,,,
2020-09-08,SOLV,,,,,,
2020-09-09,SOLV,,,,,,
2020-09-10,SOLV,,,,,,
2020-09-11,SOLV,,,,,,
2020-09-14,SOLV,,,,,,
2020-09-15,SOLV,,,,,,
2020-09-16,SOLV,,,,,,
2020-09-17,SOLV,,,,,,
2020-09-18,SOLV,,,,,,
2020-09-21,SOLV,,,,,,
2020-09-22,SOLV,,,,,,
2020-09-23,SOLV,,,,,,
2020-09-24,SOLV,,,,,,
2020-09-25,SOLV,,,,,,
2020-09-28,SOLV,,,,,,
2020-09-29,SOLV,,,,,,
2020-09-30,SOLV,,,,,,
2020-10-01,SOLV,,,,,,
2020-10-02,SOLV,,,,,,
2020-10-05,SOLV,,,,,,
2020-10-06,SOLV,,,,,,
2020-10-07,SOLV,,,,,,
2020-10-08,SOLV,,,,,,
2020-10-09,SOLV,,,,,,
2020-10-12,SOLV,,,,,,
2020-10-13,SOLV,,,,,,
2020-10-14,SOLV,,,,,,
2020-10-15,SOLV,,,,,,
2020-10-16,SOLV,,,,,,
2020-10-19,SOLV,,,,,,
2020-10-20,SOLV,,,,,,
2020-10-21,SOLV,,,,,,
2020-10-22,SOLV,,,,,,
2020-10-23,SOLV,,,,,,
2020-10-26,SOLV,,,,,,
2020-10-27,SOLV,,,,,,
2020-10-28,SOLV,,,,,,
2020-10-29,SOLV,,,,,,
2020-10-30,SOLV,,,,,,
2020-11-02,SOLV,,,,,,
2020-11-03,SOLV,,,,,,
2020-11-04,SOLV,,,,,,
2020-11-05,SOLV,,,,,,
2020-11-06,SOLV,,,,,,
2020-11-09,SOLV,,,,,,
2020-11-10,SOLV,,,,,,
2020-11-11,SOLV,,,,,,
2020-11-12,SOLV,,,,,,
2020-11-13,SOLV,,,,,,
2020-11-16,SOLV,,,,,,
2020-11-17,SOLV,,,,,,
2020-11-18,SOLV,,,,,,
2020-11-19,SOLV,,,,,,
2020-11-20,SOLV,,,,,,
2020-11-23,SOLV,,,,,,
2020-11-24,SOLV,,,,,,
2020-11-25,SOLV,,,,,,
2020-11-27,SOLV,,,,,,
2020-11-30,SOLV,,,,,,
2020-12-01,SOLV,,,,,,
2020-12-02,SOLV,,,,,,
2020-12-03,SOLV,,,,,,
2020-12-04,SOLV,,,,,,
2020-12-07,SOLV,,,,,,
2020-12-08,SOLV,,,,,,
2020-12-09,SOLV,,,,,,
2020-12-10,SOLV,,,,,,
2020-12-11,SOLV,,,,,,
2020-12-14,SOLV,,,,,,
2020-12-15,SOLV,,,,,,
2020-12-16,SOLV,,,,,,
2020-12-17,SOLV,,,,,,
2020-12-18,SOLV,,,,,,
2020-12-21,SOLV,,,,,,
2020-12-22,SOLV,,,,,,
2020-12-23,SOLV,,,,,,
2020-12-24,SOLV,,,,,,
2020-12-28,SOLV,,,,,,
2020-12-29,SOLV,,,,,,
2020-12-30,SOLV,,,,,,
2020-12-31,SOLV,,,,,,
2021-01-04,SOLV,,,,,,
2021-01-05,SOLV,,,,,,
2021-01-06,SOLV,,,,,,
2021-01-07,SOLV,,,,,,
2021-01-08,SOLV,,,,,,
2021-01-11,SOLV,,,,,,
2021-01-12,SOLV,,,,,,
2021-01-13,SOLV,,,,,,
2021-01-14,SOLV,,,,,,
2021-01-15,SOLV,,,,,,
2021-01-19,SOLV,,,,,,
2021-01-20,SOLV,,,,,,
2021-01-21,SOLV,,,,,,
2021-01-22,SOLV,,,,,,
2021-01-25,SOLV,,,,,,
2021-01-26,SOLV,,,,,,
2021-01-27,SOLV,,,,,,
2021-01-28,SOLV,,,,,,
2021-01-29,SOLV,,,,,,
2021-02-01,SOLV,,,,,,
2021-02-02,SOLV,,,,,,
2021-02-03,SOLV,,,,,,
2021-02-04,SOLV,,,,,,
2021-02-05,SOLV,,,,,,
2021-02-08,SOLV,,,,,,
2021-02-09,SOLV,,,,,,
2021-02-10,SOLV,,,,,,
2021-02-11,SOLV,,,,,,
2021-02-12,SOLV,,,,,,
2021-02-16,SOLV,,,,,,
2021-02-17,SOLV,,,,,,
2021-02-18,SOLV,,,,,,
2021-02-19,SOLV,,,,,,
2021-02-22,SOLV,,,,,,
2021-02-23,SOLV,,,,,,
2021-02-24,SOLV,,,,,,
2021-02-25,SOLV,,,,,,
2021-02-26,SOLV,,,,,,
2021-03-01,SOLV,,,,,,
2021-03-02,SOLV,,,,,,
2021-03-03,SOLV,,,,,,
2021-03-04,SOLV,,,,,,
2021-03-05,SOLV,,,,,,
2021-03-08,SOLV,,,,,,
2021-03-09,SOLV,,,,,,
2021-03-10,SOLV,,,,,,
2021-03-11,SOLV,,,,,,
2021-03-12,SOLV,,,,,,
2021-03-15,SOLV,,,,,,
2021-03-16,SOLV,,,,,,
2021-03-17,SOLV,,,,,,
2021-03-18,SOLV,,,,,,
2021-03-19,SOLV,,,,,,
2021-03-22,SOLV,,,,,,
2021-03-23,SOLV,,,,,,
2021-03-24,SOLV,,,,,,
2021-03-25,SOLV,,,,,,
2021-03-26,SOLV,,,,,,
2021-03-29,SOLV,,,,,,
2021-03-30,SOLV,,,,,,
2021-03-31,SOLV,,,,,,
2021-04-01,SOLV,,,,,,
2021-04-05,SOLV,,,,,,
2021-04-06,SOLV,,,,,,
2021-04-07,SOLV,,,,,,
2021-04-08,SOLV,,,,,,
2021-04-09,SOLV,,,,,,
2021-04-12,SOLV,,,,,,
2021-04-13,SOLV,,,,,,
2021-04-14,SOLV,,,,,,
2021-04-15,SOLV,,,,,,
2021-04-16,SOLV,,,,,,
2021-04-19,SOLV,,,,,,
2021-04-20,SOLV,,,,,,
2021-04-21,SOLV,,,,,,
2021-04-22,SOLV,,,,,,
2021-04-23,SOLV,,,,,,
2021-04-26,SOLV,,,,,,
2021-04-27,SOLV,,,,,,
2021-04-28,SOLV,,,,,,
2021-04-29,SOLV,,,,,,
2021-04-30,SOLV,,,,,,
2021-05-03,SOLV,,,,,,
2021-05-04,SOLV,,,,,,
2021-05-05,SOLV,,,,,,
2021-05-06,SOLV,,,,,,
2021-05-07,SOLV,,,,,,
2021-05-10,SOLV,,,,,,
2021-05-11,SOLV,,,,,,
2021-05-12,SOLV,,,,,,
2021-05-13,SOLV,,,,,,
2021-05-14,SOLV,,,,,,
2021-05-17,SOLV,,,,,,
2021-05-18,SOLV,,,,,,
2021-05-19,SOLV,,,,,,
2021-05-20,SOLV,,,,,,
2021-05-21,SOLV,,,,,,
2021-05-24,SOLV,,,,,,
2021-05-25,SOLV,,,,,,
2021-05-26,SOLV,,,,,,
2021-05-27,SOLV,,,,,,
2021-05-28,SOLV,,,,,,
2021-06-01,SOLV,,,,,,
2021-06-02,SOLV,,,,,,
2021-06-03,SOLV,,,,,,
2021-06-04,SOLV,,,,,,
2021-06-07,SOLV,,,,,,
2021-06-08,SOLV,,,,,,
2021-06-09,SOLV,,,,,,
2021-06-10,SOLV,,,,,,
2021-06-11,SOLV,,,,,,
2021-06-14,SOLV,,,,,,
2021-06-15,SOLV,,,,,,
2021-06-16,SOLV,,,,,,
2021-06-17,SOLV,,,,,,
2021-06-18,SOLV,,,,,,
2021-06-21,SOLV,,,,,,
2021-06-22,SOLV,,,,,,
2021-06-23,SOLV,,,,,,
2021-06-24,SOLV,,,,,,
2021-06-25,SOLV,,,,,,
2021-06-28,SOLV,,,,,,
2021-06-29,SOLV,,,,,,
2021-06-30,SOLV,,,,,,
2021-07-01,SOLV,,,,,,
2021-07-02,SOLV,,,,,,
2021-07-06,SOLV,,,,,,
2021-07-07,SOLV,,,,,,
2021-07-08,SOLV,,,,,,
2021-07-09,SOLV,,,,,,
2021-07-12,SOLV,,,,,,
2021-07-13,SOLV,,,,,,
2021-07-14,SOLV,,,,,,
2021-07-15,SOLV,,,,,,
2021-07-16,SOLV,,,,,,
2021-07-19,SOLV,,,,,,
2021-07-20,SOLV,,,,,,
2021-07-21,SOLV,,,,,,
2021-07-22,SOLV,,,,,,
2021-07-23,SOLV,,,,,,
2021-07-26,SOLV,,,,,,
2021-07-27,SOLV,,,,,,
2021-07-28,SOLV,,,,,,
2021-07-29,SOLV,,,,,,
2021-07-30,SOLV,,,,,,
2021-08-02,SOLV,,,,,,
2021-08-03,SOLV,,,,,,
2021-08-04,SOLV,,,,,,
2021-08-05,SOLV,,,,,,
2021-08-06,SOLV,,,,,,
2021-08-09,SOLV,,,,,,
2021-08-10,SOLV,,,,,,
2021-08-11,SOLV,,,,,,
2021-08-12,SOLV,,,,,,
2021-08-13,SOLV,,,,,,
2021-08-16,SOLV,,,,,,
2021-08-17,SOLV,,,,,,
2021-08-18,SOLV,,,,,,
2021-08-19,SOLV,,,,,,
2021-08-20,SOLV,,,,,,
2021-08-23,SOLV,,,,,,
2021-08-24,SOLV,,,,,,
2021-08-25,SOLV,,,,,,
2021-08-26,SOLV,,,,,,
2021-08-27,SOLV,,,,,,
2021-08-30,SOLV,,,,,,
2021-08-31,SOLV,,,,,,
2021-09-01,SOLV,,,,,,
2021-09-02,SOLV,,,,,,
2021-09-03,SOLV,,,,,,
2021-09-07,SOLV,,,,,,
2021-09-08,SOLV,,,,,,
2021-09-09,SOLV,,,,,,
2021-09-10,SOLV,,,,,,
2021-09-13,SOLV,,,,,,
2021-09-14,SOLV,,,,,,
2021-09-15,SOLV,,,,,,
2021-09-16,SOLV,,,,,,
2021-09-17,SOLV,,,,,,
2021-09-20,SOLV,,,,,,
2021-09-21,SOLV,,,,,,
2021-09-22,SOLV,,,,,,
2021-09-23,SOLV,,,,,,
2021-09-24,SOLV,,,,,,
2021-09-27,SOLV,,,,,,
2021-09-28,SOLV,,,,,,
2021-09-29,SOLV,,,,,,
2021-09-30,SOLV,,,,,,
2021-10-01,SOLV,,,,,,
2021-10-04,SOLV,,,,,,
2021-10-05,SOLV,,,,,,
2021-10-06,SOLV,,,,,,
2021-10-07,SOLV,,,,,,
2021-10-08,SOLV,,,,,,
2021-10-11,SOLV,,,,,,
2021-10-12,SOLV,,,,,,
2021-10-13,SOLV,,,,,,
2021-10-14,SOLV,,,,,,
2021-10-15,SOLV,,,,,,
2021-10-18,SOLV,,,,,,
2021-10-19,SOLV,,,,,,
2021-10-20,SOLV,,,,,,
2021-10-21,SOLV,,,,,,
2021-10-22,SOLV,,,,,,
2021-10-25,SOLV,,,,,,
2021-10-26,SOLV,,,,,,
2021-10-27,SOLV,,,,,,
2021-10-28,SOLV,,,,,,
2021-10-29,SOLV,,,,,,
2021-11-01,SOLV,,,,,,
2021-11-02,SOLV,,,,,,
2021-11-03,SOLV,,,,,,
2021-11-04,SOLV,,,,,,
2021-11-05,SOLV,,,,,,
2021-11-08,SOLV,,,,,,
2021-11-09,SOLV,,,,,,
2021-11-10,SOLV,,,,,,
2021-11-11,SOLV,,,,,,
2021-11-12,SOLV,,,,,,
2021-11-15,SOLV,,,,,,
2021-11-16,SOLV,,,,,,
2021-11-17,SOLV,,,,,,
2021-11-18,SOLV,,,,,,
2021-11-19,SOLV,,,,,,
2021-11-22,SOLV,,,,,,
2021-11-23,SOLV,,,,,,
2021-11-24,SOLV,,,,,,
2021-11-26,SOLV,,,,,,
2021-11-29,SOLV,,,,,,
2021-11-30,SOLV,,,,,,
2021-12-01,SOLV,,,,,,
2021-12-02,SOLV,,,,,,
2021-12-03,SOLV,,,,,,
2021-12-06,SOLV,,,,,,
2021-12-07,SOLV,,,,,,
2021-12-08,SOLV,,,,,,
2021-12-09,SOLV,,,,,,
2021-12-10,SOLV,,,,,,
2021-12-13,SOLV,,,,,,
2021-12-14,SOLV,,,,,,
2021-12-15,SOLV,,,,,,
2021-12-16,SOLV,,,,,,
2021-12-17,SOLV,,,,,,
2021-12-20,SOLV,,,,,,
2021-12-21,SOLV,,,,,,
2021-12-22,SOLV,,,,,,
2021-12-23,SOLV,,,,,,
2021-12-27,SOLV,,,,,,
2021-12-28,SOLV,,,,,,
2021-12-29,SOLV,,,,,,
2021-12-30,SOLV,,,,,,
2021-12-31,SOLV,,,,,,
2022-01-03,SOLV,,,,,,
2022-01-04,SOLV,,,,,,
2022-01-05,SOLV,,,,,,
2022-01-06,SOLV,,,,,,
2022-01-07,SOLV,,,,,,
2022-01-10,SOLV,,,,,,
2022-01-11,SOLV,,,,,,
2022-01-12,SOLV,,,,,,
2022-01-13,SOLV,,,,,,
2022-01-14,SOLV,,,,,,
2022-01-18,SOLV,,,,,,
2022-01-19,SOLV,,,,,,
2022-01-20,SOLV,,,,,,
2022-01-21,SOLV,,,,,,
2022-01-24,SOLV,,,,,,
2022-01-25,SOLV,,,,,,
2022-01-26,SOLV,,,,,,
2022-01-27,SOLV,,,,,,
2022-01-28,SOLV,,,,,,
2022-01-31,SOLV,,,,,,
2022-02-01,SOLV,,,,,,
2022-02-02,SOLV,,,,,,
2022-02-03,SOLV,,,,,,
2022-02-04,SOLV,,,,,,
2022-02-07,SOLV,,,,,,
2022-02-08,SOLV,,,,,,
2022-02-09,SOLV,,,,,,
2022-02-10,SOLV,,,,,,
2022-02-11,SOLV,,,,,,
2022-02-14,SOLV,,,,,,
2022-02-15,SOLV,,,,,,
2022-02-16,SOLV,,,,,,
2022-02-17,SOLV,,,,,,
2022-02-18,SOLV,,,,,,
2022-02-22,SOLV,,,,,,
2022-02-23,SOLV,,,,,,
2022-02-24,SOLV,,,,,,
2022-02-25,SOLV,,,,,,
2022-02-28,SOLV,,,,,,
2022-03-01,SOLV,,,,,,
2022-03-02,SOLV,,,,,,
2022-03-03,SOLV,,,,,,
2022-03-04,SOLV,,,,,,
2022-03-07,SOLV,,,,,,
2022-03-08,SOLV,,,,,,
2022-03-09,SOLV,,,,,,
2022-03-10,SOLV,,,,,,
2022-03-11,SOLV,,,,,,
2022-03-14,SOLV,,,,,,
2022-03-15,SOLV,,,,,,
2022-03-16,SOLV,,,,,,
2022-03-17,SOLV,,,,,,
2022-03-18,SOLV,,,,,,
2022-03-21,SOLV,,,,,,
2022-03-22,SOLV,,,,,,
2022-03-23,SOLV,,,,,,
2022-03-24,SOLV,,,,,,
2022-03-25,SOLV,,,,,,
2022-03-28,SOLV,,,,,,
2022-03-29,SOLV,,,,,,
2022-03-30,SOLV,,,,,,
2022-03-31,SOLV,,,,,,
2022-04-01,SOLV,,,,,,
2022-04-04,SOLV,,,,,,
2022-04-05,SOLV,,,,,,
2022-04-06,SOLV,,,,,,
2022-04-07,SOLV,,,,,,
2022-04-08,SOLV,,,,,,
2022-04-11,SOLV,,,,,,
2022-04-12,SOLV,,,,,,
2022-04-13,SOLV,,,,,,
2022-04-14,SOLV,,,,,,
2022-04-18,SOLV,,,,,,
2022-04-19,SOLV,,,,,,
2022-04-20,SOLV,,,,,,
2022-04-21,SOLV,,,,,,
2022-04-22,SOLV,,,,,,
2022-04-25,SOLV,,,,,,
2022-04-26,SOLV,,,,,,
2022-04-27,SOLV,,,,,,
2022-04-28,SOLV,,,,,,
2022-04-29,SOLV,,,,,,
2022-05-02,SOLV,,,,,,
2022-05-03,SOLV,,,,,,
2022-05-04,SOLV,,,,,,
2022-05-05,SOLV,,,,,,
2022-05-06,SOLV,,,,,,
2022-05-09,SOLV,,,,,,
2022-05-10,SOLV,,,,,,
2022-05-11,SOLV,,,,,,
2022-05-12,SOLV,,,,,,
2022-05-13,SOLV,,,,,,
2022-05-16,SOLV,,,,,,
2022-05-17,SOLV,,,,,,
2022-05-18,SOLV,,,,,,
2022-05-19,SOLV,,,,,,
2022-05-20,SOLV,,,,,,
2022-05-23,SOLV,,,,,,
2022-05-24,SOLV,,,,,,
2022-05-25,SOLV,,,,,,
2022-05-26,SOLV,,,,,,
2022-05-27,SOLV,,,,,,
2022-05-31,SOLV,,,,,,
2022-06-01,SOLV,,,,,,
2022-06-02,SOLV,,,,,,
2022-06-03,SOLV,,,,,,
2022-06-06,SOLV,,,,,,
2022-06-07,SOLV,,,,,,
2022-06-08,SOLV,,,,,,
2022-06-09,SOLV,,,,,,
2022-06-10,SOLV,,,,,,
2022-06-13,SOLV,,,,,,
2022-06-14,SOLV,,,,,,
2022-06-15,SOLV,,,,,,
2022-06-16,SOLV,,,,,,
2022-06-17,SOLV,,,,,,
2022-06-21,SOLV,,,,,,
2022-06-22,SOLV,,,,,,
2022-06-23,SOLV,,,,,,
2022-06-24,SOLV,,,,,,
2022-06-27,SOLV,,,,,,
2022-06-28,SOLV,,,,,,
2022-06-29,SOLV,,,,,,
2022-06-30,SOLV,,,,,,
2022-07-01,SOLV,,,,,,
2022-07-05,SOLV,,,,,,
2022-07-06,SOLV,,,,,,
2022-07-07,SOLV,,,,,,
2022-07-08,SOLV,,,,,,
2022-07-11,SOLV,,,,,,
2022-07-12,SOLV,,,,,,
2022-07-13,SOLV,,,,,,
2022-07-14,SOLV,,,,,,
2022-07-15,SOLV,,,,,,
2022-07-18,SOLV,,,,,,
2022-07-19,SOLV,,,,,,
2022-07-20,SOLV,,,,,,
2022-07-21,SOLV,,,,,,
2022-07-22,SOLV,,,,,,
2022-07-25,SOLV,,,,,,
2022-07-26,SOLV,,,,,,
2022-07-27,SOLV,,,,,,
2022-07-28,SOLV,,,,,,
2022-07-29,SOLV,,,,,,
2022-08-01,SOLV,,,,,,
2022-08-02,SOLV,,,,,,
2022-08-03,SOLV,,,,,,
2022-08-04,SOLV,,,,,,
2022-08-05,SOLV,,,,,,
2022-08-08,SOLV,,,,,,
2022-08-09,SOLV,,,,,,
2022-08-10,SOLV,,,,,,
2022-08-11,SOLV,,,,,,
2022-08-12,SOLV,,,,,,
2022-08-15,SOLV,,,,,,
2022-08-16,SOLV,,,,,,
2022-08-17,SOLV,,,,,,
2022-08-18,SOLV,,,,,,
2022-08-19,SOLV,,,,,,
2022-08-22,SOLV,,,,,,
2022-08-23,SOLV,,,,,,
2022-08-24,SOLV,,,,,,
2022-08-25,SOLV,,,,,,
2022-08-26,SOLV,,,,,,
2022-08-29,SOLV,,,,,,
2022-08-30,SOLV,,,,,,
2022-08-31,SOLV,,,,,,
2022-09-01,SOLV,,,,,,
2022-09-02,SOLV,,,,,,
2022-09-06,SOLV,,,,,,
2022-09-07,SOLV,,,,,,
2022-09-08,SOLV,,,,,,
2022-09-09,SOLV,,,,,,
2022-09-12,SOLV,,,,,,
2022-09-13,SOLV,,,,,,
2022-09-14,SOLV,,,,,,
2022-09-15,SOLV,,,,,,
2022-09-16,SOLV,,,,,,
2022-09-19,SOLV,,,,,,
2022-09-20,SOLV,,,,,,
2022-09-21,SOLV,,,,,,
2022-09-22,SOLV,,,,,,
2022-09-23,SOLV,,,,,,
2022-09-26,SOLV,,,,,,
2022-09-27,SOLV,,,,,,
2022-09-28,SOLV,,,,,,
2022-09-29,SOLV,,,,,,
2022-09-30,SOLV,,,,,,
2022-10-03,SOLV,,,,,,
2022-10-04,SOLV,,,,,,
2022-10-05,SOLV,,,,,,
2022-10-06,SOLV,,,,,,
2022-10-07,SOLV,,,,,,
2022-10-10,SOLV,,,,,,
2022-10-11,SOLV,,,,,,
2022-10-12,SOLV,,,,,,
2022-10-13,SOLV,,,,,,
2022-10-14,SOLV,,,,,,
2022-10-17,SOLV,,,,,,
2022-10-18,SOLV,,,,,,
2022-10-19,SOLV,,,,,,
2022-10-20,SOLV,,,,,,
2022-10-21,SOLV,,,,,,
2022-10-24,SOLV,,,,,,
2022-10-25,SOLV,,,,,,
2022-10-26,SOLV,,,,,,
2022-10-27,SOLV,,,,,,
2022-10-28,SOLV,,,,,,
2022-10-31,SOLV,,,,,,
2022-11-01,SOLV,,,,,,
2022-11-02,SOLV,,,,,,
2022-11-03,SOLV,,,,,,
2022-11-04,SOLV,,,,,,
2022-11-07,SOLV,,,,,,
2022-11-08,SOLV,,,,,,
2022-11-09,SOLV,,,,,,
2022-11-10,SOLV,,,,,,
2022-11-11,SOLV,,,,,,
2022-11-14,SOLV,,,,,,
2022-11-15,SOLV,,,,,,
2022-11-16,SOLV,,,,,,
2022-11-17,SOLV,,,,,,
2022-11-18,SOLV,,,,,,
2022-11-21,SOLV,,,,,,
2022-11-22,SOLV,,,,,,
2022-11-23,SOLV,,,,,,
2022-11-25,SOLV,,,,,,
2022-11-28,SOLV,,,,,,
2022-11-29,SOLV,,,,,,
2022-11-30,SOLV,,,,,,
2022-12-01,SOLV,,,,,,
2022-12-02,SOLV,,,,,,
2022-12-05,SOLV,,,,,,
2022-12-06,SOLV,,,,,,
2022-12-07,SOLV,,,,,,
2022-12-08,SOLV,,,,,,
2022-12-09,SOLV,,,,,,
2022-12-12,SOLV,,,,,,
2022-12-13,SOLV,,,,,,
2022-12-14,SOLV,,,,,,
2022-12-15,SOLV,,,,,,
2022-12-16,SOLV,,,,,,
2022-12-19,SOLV,,,,,,
2022-12-20,SOLV,,,,,,
2022-12-21,SOLV,,,,,,
2022-12-22,SOLV,,,,,,
2022-12-23,SOLV,,,,,,
2022-12-27,SOLV,,,,,,
2022-12-28,SOLV,,,,,,
2022-12-29,SOLV,,,,,,
2022-12-30,SOLV,,,,,,
2023-01-03,SOLV,,,,,,
2023-01-04,SOLV,,,,,,
2023-01-05,SOLV,,,,,,
2023-01-06,SOLV,,,,,,
2023-01-09,SOLV,,,,,,
2023-01-10,SOLV,,,,,,
2023-01-11,SOLV,,,,,,
2023-01-12,SOLV,,,,,,
2023-01-13,SOLV,,,,,,
2023-01-17,SOLV,,,,,,
2023-01-18,SOLV,,,,,,
2023-01-19,SOLV,,,,,,
2023-01-20,SOLV,,,,,,
2023-01-23,SOLV,,,,,,
2023-01-24,SOLV,,,,,,
2023-01-25,SOLV,,,,,,
2023-01-26,SOLV,,,,,,
2023-01-27,SOLV,,,,,,
2023-01-30,SOLV,,,,,,
2023-01-31,SOLV,,,,,,
2023-02-01,SOLV,,,,,,
2023-02-02,SOLV,,,,,,
2023-02-03,SOLV,,,,,,
2023-02-06,SOLV,,,,,,
2023-02-07,SOLV,,,,,,
2023-02-08,SOLV,,,,,,
2023-02-09,SOLV,,,,,,
2023-02-10,SOLV,,,,,,
2023-02-13,SOLV,,,,,,
2023-02-14,SOLV,,,,,,
2023-02-15,SOLV,,,,,,
2023-02-16,SOLV,,,,,,
2023-02-17,SOLV,,,,,,
2023-02-21,SOLV,,,,,,
2023-02-22,SOLV,,,,,,
2023-02-23,SOLV,,,,,,
2023-02-24,SOLV,,,,,,
2023-02-27,SOLV,,,,,,
2023-02-28,SOLV,,,,,,
2023-03-01,SOLV,,,,,,
2023-03-02,SOLV,,,,,,
2023-03-03,SOLV,,,,,,
2023-03-06,SOLV,,,,,,
2023-03-07,SOLV,,,,,,
2023-03-08,SOLV,,,,,,
2023-03-09,SOLV,,,,,,
2023-03-10,SOLV,,,,,,
2023-03-13,SOLV,,,,,,
2023-03-14,SOLV,,,,,,
2023-03-15,SOLV,,,,,,
2023-03-16,SOLV,,,,,,
2023-03-17,SOLV,,,,,,
2023-03-20,SOLV,,,,,,
2023-03-21,SOLV,,,,,,
2023-03-22,SOLV,,,,,,
2023-03-23,SOLV,,,,,,
2023-03-24,SOLV,,,,,,
2023-03-27,SOLV,,,,,,
2023-03-28,SOLV,,,,,,
2023-03-29,SOLV,,,,,,
2023-03-30,SOLV,,,,,,
2023-03-31,SOLV,,,,,,
2023-04-03,SOLV,,,,,,
2023-04-04,SOLV,,,,,,
2023-04-05,SOLV,,,,,,
2023-04-06,SOLV,,,,,,
2023-04-10,SOLV,,,,,,
2023-04-11,SOLV,,,,,,
2023-04-12,SOLV,,,,,,
2023-04-13,SOLV,,,,,,
2023-04-14,SOLV,,,,,,
2023-04-17,SOLV,,,,,,
2023-04-18,SOLV,,,,,,
2023-04-19,SOLV,,,,,,
2023-04-20,SOLV,,,,,,
2023-04-21,SOLV,,,,,,
2023-04-24,SOLV,,,,,,
2023-04-25,SOLV,,,,,,
2023-04-26,SOLV,,,,,,
2023-04-27,SOLV,,,,,,
2023-04-28,SOLV,,,,,,
2023-05-01,SOLV,,,,,,
2023-05-02,SOLV,,,,,,
2023-05-03,SOLV,,,,,,
2023-05-04,SOLV,,,,,,
2023-05-05,SOLV,,,,,,
2023-05-08,SOLV,,,,,,
2023-05-09,SOLV,,,,,,
2023-05-10,SOLV,,,,,,
2023-05-11,SOLV,,,,,,
2023-05-12,SOLV,,,,,,
2023-05-15,SOLV,,,,,,
2023-05-16,SOLV,,,,,,
2023-05-17,SOLV,,,,,,
2023-05-18,SOLV,,,,,,
2023-05-19,SOLV,,,,,,
2023-05-22,SOLV,,,,,,
2023-05-23,SOLV,,,,,,
2023-05-24,SOLV,,,,,,
2023-05-25,SOLV,,,,,,
2023-05-26,SOLV,,,,,,
2023-05-30,SOLV,,,,,,
2023-05-31,SOLV,,,,,,
2023-06-01,SOLV,,,,,,
2023-06-02,SOLV,,,,,,
2023-06-05,SOLV,,,,,,
2023-06-06,SOLV,,,,,,
2023-06-07,SOLV,,,,,,
2023-06-08,SOLV,,,,,,
2023-06-09,SOLV,,,,,,
2023-06-12,SOLV,,,,,,
2023-06-13,SOLV,,,,,,
2023-06-14,SOLV,,,,,,
2023-06-15,SOLV,,,,,,
2023-06-16,SOLV,,,,,,
2023-06-20,SOLV,,,,,,
2023-06-21,SOLV,,,,,,
2023-06-22,SOLV,,,,,,
2023-06-23,SOLV,,,,,,
2023-06-26,SOLV,,,,,,
2023-06-27,SOLV,,,,,,
2023-06-28,SOLV,,,,,,
2023-06-29,SOLV,,,,,,
2023-06-30,SOLV,,,,,,
2023-07-03,SOLV,,,,,,
2023-07-05,SOLV,,,,,,
2023-07-06,SOLV,,,,,,
2023-07-07,SOLV,,,,,,
2023-07-10,SOLV,,,,,,
2023-07-11,SOLV,,,,,,
2023-07-12,SOLV,,,,,,
2023-07-13,SOLV,,,,,,
2023-07-14,SOLV,,,,,,
2023-07-17,SOLV,,,,,,
2023-07-18,SOLV,,,,,,
2023-07-19,SOLV,,,,,,
2023-07-20,SOLV,,,,,,
2023-07-21,SOLV,,,,,,
2023-07-24,SOLV,,,,,,
2023-07-25,SOLV,,,,,,
2023-07-26,SOLV,,,,,,
2023-07-27,SOLV,,,,,,
2023-07-28,SOLV,,,,,,
2023-07-31,SOLV,,,,,,
2023-08-01,SOLV,,,,,,
2023-08-02,SOLV,,,,,,
2023-08-03,SOLV,,,,,,
2023-08-04,SOLV,,,,,,
2023-08-07,SOLV,,,,,,
2023-08-08,SOLV,,,,,,
2023-08-09,SOLV,,,,,,
2023-08-10,SOLV,,,,,,
2023-08-11,SOLV,,,,,,
2023-08-14,SOLV,,,,,,
2023-08-15,SOLV,,,,,,
2023-08-16,SOLV,,,,,,
2023-08-17,SOLV,,,,,,
2023-08-18,SOLV,,,,,,
2023-08-21,SOLV,,,,,,
2023-08-22,SOLV,,,,,,
2023-08-23,SOLV,,,,,,
2023-08-24,SOLV,,,,,,
2023-08-25,SOLV,,,,,,
2023-08-28,SOLV,,,,,,
2023-08-29,SOLV,,,,,,
2023-08-30,SOLV,,,,,,
2023-08-31,SOLV,,,,,,
2023-09-01,SOLV,,,,,,
2023-09-05,SOLV,,,,,,
2023-09-06,SOLV,,,,,,
2023-09-07,SOLV,,,,,,
2023-09-08,SOLV,,,,,,
2023-09-11,SOLV,,,,,,
2023-09-12,SOLV,,,,,,
2023-09-13,SOLV,,,,,,
2023-09-14,SOLV,,,,,,
2023-09-15,SOLV,,,,,,
2023-09-18,SOLV,,,,,,
2023-09-19,SOLV,,,,,,
2023-09-20,SOLV,,,,,,
2023-09-21,SOLV,,,,,,
2023-09-22,SOLV,,,,,,
2023-09-25,SOLV,,,,,,
2023-09-26,SOLV,,,,,,
2023-09-27,SOLV,,,,,,
2023-09-28,SOLV,,,,,,
2023-09-29,SOLV,,,,,,
2023-10-02,SOLV,,,,,,
2023-10-03,SOLV,,,,,,
2023-10-04,SOLV,,,,,,
2023-10-05,SOLV,,,,,,
2023-10-06,SOLV,,,,,,
2023-10-09,SOLV,,,,,,
2023-10-10,SOLV,,,,,,
2023-10-11,SOLV,,,,,,
2023-10-12,SOLV,,,,,,
2023-10-13,SOLV,,,,,,
2023-10-16,SOLV,,,,,,
2023-10-17,SOLV,,,,,,
2023-10-18,SOLV,,,,,,
2023-10-19,SOLV,,,,,,
2023-10-20,SOLV,,,,,,
2023-10-23,SOLV,,,,,,
2023-10-24,SOLV,,,,,,
2023-10-25,SOLV,,,,,,
2023-10-26,SOLV,,,,,,
2023-10-27,SOLV,,,,,,
2023-10-30,SOLV,,,,,,
2023-10-31,SOLV,,,,,,
2023-11-01,SOLV,,,,,,
2023-11-02,SOLV,,,,,,
2023-11-03,SOLV,,,,,,
2023-11-06,SOLV,,,,,,
2023-11-07,SOLV,,,,,,
2023-11-08,SOLV,,,,,,
2023-11-09,SOLV,,,,,,
2023-11-10,SOLV,,,,,,
2023-11-13,SOLV,,,,,,
2023-11-14,SOLV,,,,,,
2023-11-15,SOLV,,,,,,
2023-11-16,SOLV,,,,,,
2023-11-17,SOLV,,,,,,
2023-11-20,SOLV,,,,,,
2023-11-21,SOLV,,,,,,
2023-11-22,SOLV,,,,,,
2023-11-24,SOLV,,,,,,
2023-11-27,SOLV,,,,,,
2023-11-28,SOLV,,,,,,
2023-11-29,SOLV,,,,,,
2023-11-30,SOLV,,,,,,
2023-12-01,SOLV,,,,,,
2023-12-04,SOLV,,,,,,
2023-12-05,SOLV,,,,,,
2023-12-06,SOLV,,,,,,
2023-12-07,SOLV,,,,,,
2023-12-08,SOLV,,,,,,
2023-12-11,SOLV,,,,,,
2023-12-12,SOLV,,,,,,
2023-12-13,SOLV,,,,,,
2023-12-14,SOLV,,,,,,
2023-12-15,SOLV,,,,,,
2023-12-18,SOLV,,,,,,
2023-12-19,SOLV,,,,,,
2023-12-20,SOLV,,,,,,
2023-12-21,SOLV,,,,,,
2023-12-22,SOLV,,,,,,
2023-12-26,SOLV,,,,,,
2023-12-27,SOLV,,,,,,
2023-12-28,SOLV,,,,,,
2023-12-29,SOLV,,,,,,
2024-01-02,SOLV,,,,,,
2024-01-03,SOLV,,,,,,
2024-01-04,SOLV,,,,,,
2024-01-05,SOLV,,,,,,
2024-01-08,SOLV,,,,,,
2024-01-09,SOLV,,,,,,
2024-01-10,SOLV,,,,,,
2024-01-11,SOLV,,,,,,
2024-01-12,SOLV,,,,,,
2024-01-16,SOLV,,,,,,
2024-01-17,SOLV,,,,,,
2024-01-18,SOLV,,,,,,
2024-01-19,SOLV,,,,,,
2024-01-22,SOLV,,,,,,
2024-01-23,SOLV,,,,,,
2024-01-24,SOLV,,,,,,
2024-01-25,SOLV,,,,,,
2024-01-26,SOLV,,,,,,
2024-01-29,SOLV,,,,,,
2024-01-30,SOLV,,,,,,
2024-01-31,SOLV,,,,,,
2024-02-01,SOLV,,,,,,
2024-02-02,SOLV,,,,,,
2024-02-05,SOLV,,,,,,
2024-02-06,SOLV,,,,,,
2024-02-07,SOLV,,,,,,
2024-02-08,SOLV,,,,,,
2024-02-09,SOLV,,,,,,
2024-02-12,SOLV,,,,,,
2024-02-13,SOLV,,,,,,
2024-02-14,SOLV,,,,,,
2024-02-15,SOLV,,,,,,
2024-02-16,SOLV,,,,,,
2024-02-20,SOLV,,,,,,
2024-02-21,SOLV,,,,,,
2024-02-22,SOLV,,,,,,
2024-02-23,SOLV,,,,,,
2024-02-26,SOLV,,,,,,
2024-02-27,SOLV,,,,,,
2024-02-28,SOLV,,,,,,
2024-02-29,SOLV,,,,,,
2024-03-01,SOLV,,,,,,
2024-03-04,SOLV,,,,,,
2024-03-05,SOLV,,,,,,
2024-03-06,SOLV,,,,,,
2024-03-07,SOLV,,,,,,
2024-03-08,SOLV,,,,,,
2024-03-11,SOLV,,,,,,
2024-03-12,SOLV,,,,,,
2024-03-13,SOLV,,,,,,
2024-03-14,SOLV,,,,,,
2024-03-15,SOLV,,,,,,
2024-03-18,SOLV,,,,,,
2024-03-19,SOLV,,,,,,
2024-03-20,SOLV,,,,,,
2024-03-21,SOLV,,,,,,
2024-03-22,SOLV,,,,,,
2024-03-25,SOLV,,,,,,
2024-03-26,SOLV,,,,,,
2024-03-27,SOLV,,,,,,
2024-03-28,SOLV,,,,,,
2024-04-01,SOLV,69.0999984741211,69.0999984741211,72.4000015258789,65.0,69.1500015258789,14094900.0
2024-04-02,SOLV,66.9000015258789,66.9000015258789,68.58999633789062,64.46499633789062,67.66999816894531,9446900.0
2024-04-03,SOLV,63.88999938964844,63.88999938964844,67.7699966430664,63.86000061035156,65.52999877929688,5177200.0
2024-04-04,SOLV,67.0,67.0,68.16500091552734,62.33000183105469,63.04999923706055,5239700.0
2024-04-05,SOLV,70.05999755859375,70.05999755859375,70.1500015258789,65.17500305175781,65.97000122070312,4216300.0
2024-04-08,SOLV,67.01000213623047,67.01000213623047,71.65499877929688,66.25,70.05999755859375,4467600.0
2024-04-09,SOLV,65.5199966430664,65.5199966430664,68.0,65.01000213623047,65.4800033569336,2894600.0
2024-04-10,SOLV,63.88999938964844,63.88999938964844,64.93000030517578,63.59000015258789,64.68000030517578,2114800.0
2024-04-11,SOLV,63.16999816894531,63.16999816894531,64.30000305175781,62.29999923706055,63.56999969482422,2396500.0
2024-04-12,SOLV,62.75,62.75,63.25,61.869998931884766,62.5,1794900.0
2024-04-15,SOLV,61.689998626708984,61.689998626708984,63.790000915527344,61.560001373291016,62.099998474121094,2043100.0
2024-04-16,SOLV,61.95000076293945,61.95000076293945,62.9900016784668,61.65800094604492,62.0,1583200.0
2024-04-17,SOLV,61.75,61.75,62.66999816894531,61.5,61.81999969482422,1849700.0
2024-04-18,SOLV,64.02999877929688,64.02999877929688,64.11000061035156,61.380001068115234,61.84000015258789,2070500.0
2024-04-19,SOLV,62.20000076293945,62.20000076293945,64.05999755859375,61.987998962402344,63.58000183105469,1468600.0
2024-04-22,SOLV,62.06999969482422,62.06999969482422,62.7599983215332,61.82500076293945,62.25,1380400.0
2024-04-23,SOLV,63.5,63.5,64.19000244140625,61.85100173950195,62.029998779296875,1505800.0
2024-04-24,SOLV,63.540000915527344,63.540000915527344,64.17500305175781,62.779998779296875,62.849998474121094,1055100.0
2024-04-25,SOLV,61.83000183105469,61.83000183105469,63.06700134277344,60.720001220703125,62.75,2938500.0
2024-04-26,SOLV,64.43000030517578,64.43000030517578,64.69000244140625,61.31999969482422,61.459999084472656,1641200.0
2024-04-29,SOLV,65.91000366210938,65.91000366210938,66.66999816894531,63.040000915527344,63.4900016784668,2163600.0
2024-04-30,SOLV,65.01000213623047,65.01000213623047,65.86000061035156,63.75,65.20999908447266,2132500.0
2024-05-01,SOLV,65.1500015258789,65.1500015258789,66.8499984741211,64.28500366210938,64.94999694824219,1612400.0
2024-05-02,SOLV,65.13999938964844,65.13999938964844,66.2300033569336,64.69999694824219,65.0,1697500.0
2024-05-03,SOLV,64.6500015258789,64.6500015258789,65.55999755859375,63.79999923706055,65.43000030517578,1725000.0
2024-05-06,SOLV,64.69000244140625,64.69000244140625,65.11000061035156,64.30000305175781,64.69999694824219,1200300.0
2024-05-07,SOLV,65.55999755859375,65.55999755859375,65.8949966430664,64.45999908447266,64.79000091552734,2270200.0
2024-05-08,SOLV,66.43000030517578,66.43000030517578,66.96499633789062,65.1500015258789,65.2300033569336,1910600.0
2024-05-09,SOLV,64.83000183105469,64.83000183105469,67.5,63.48899841308594,65.5199966430664,3088600.0
2024-05-10,SOLV,63.7400016784668,63.7400016784668,64.80999755859375,63.029998779296875,63.79999923706055,1916200.0
2024-05-13,SOLV,63.13999938964844,63.13999938964844,64.43499755859375,63.117000579833984,64.0,1510900.0
2024-05-14,SOLV,65.0999984741211,65.0999984741211,65.4010009765625,63.459999084472656,63.61000061035156,1627500.0
2024-05-15,SOLV,62.439998626708984,62.439998626708984,65.18000030517578,62.22999954223633,64.83000183105469,2812500.0
2024-05-16,SOLV,61.560001373291016,61.560001373291016,62.029998779296875,60.56999969482422,62.0,2653900.0
2024-05-17,SOLV,62.380001068115234,62.380001068115234,62.41999816894531,61.0,61.79999923706055,1711100.0
2024-05-20,SOLV,62.029998779296875,62.029998779296875,62.81999969482422,61.849998474121094,62.459999084472656,1459000.0
2024-05-21,SOLV,61.220001220703125,61.220001220703125,62.25,61.13999938964844,61.79999923706055,1319700.0
2024-05-22,SOLV,61.88999938964844,61.88999938964844,62.2400016784668,60.91999816894531,61.06999969482422,1403700.0
2024-05-23,SOLV,59.93000030517578,59.93000030517578,61.599998474121094,59.8849983215332,61.279998779296875,1733100.0
2024-05-24,SOLV,60.45000076293945,60.45000076293945,60.779998779296875,59.060001373291016,59.810001373291016,1269400.0
2024-05-28,SOLV,59.86000061035156,59.86000061035156,60.25,59.34000015258789,60.20000076293945,1705100.0
2024-05-29,SOLV,59.720001220703125,59.720001220703125,60.119998931884766,59.22999954223633,59.22999954223633,1050300.0
2024-05-30,SOLV,58.349998474121094,58.349998474121094,59.15999984741211,56.720001220703125,59.11000061035156,3253600.0
2024-05-31,SOLV,59.34000015258789,59.34000015258789,59.400001525878906,57.189998626708984,58.060001373291016,5801400.0
2024-06-03,SOLV,57.04999923706055,57.04999923706055,59.869998931884766,56.810001373291016,59.34000015258789,1680600.0
2024-06-04,SOLV,55.61000061035156,55.61000061035156,57.25,55.5,56.81999969482422,2111500.0
2024-06-05,SOLV,55.72999954223633,55.72999954223633,56.005001068115234,54.75,55.61000061035156,1342500.0
2024-06-06,SOLV,55.04999923706055,55.04999923706055,55.439998626708984,54.470001220703125,55.380001068115234,1806300.0
2024-06-07,SOLV,56.40999984741211,56.40999984741211,56.779998779296875,54.470001220703125,54.5,1535000.0
2024-06-10,SOLV,56.709999084472656,56.709999084472656,57.279998779296875,56.04999923706055,56.04999923706055,1733800.0
2024-06-11,SOLV,56.540000915527344,56.540000915527344,56.790000915527344,56.18000030517578,56.599998474121094,1363200.0
2024-06-12,SOLV,56.15999984741211,56.15999984741211,57.13999938964844,56.130001068115234,56.869998931884766,1040600.0
2024-06-13,SOLV,54.130001068115234,54.130001068115234,56.70000076293945,54.0,55.83000183105469,1408400.0
2024-06-14,SOLV,54.560001373291016,54.560001373291016,54.779998779296875,52.582000732421875,52.959999084472656,1372100.0
2024-06-17,SOLV,54.630001068115234,54.630001068115234,54.790000915527344,53.189998626708984,54.41999816894531,1406300.0
2024-06-18,SOLV,53.31999969482422,53.31999969482422,55.06999969482422,52.959999084472656,54.119998931884766,1852500.0
2024-06-20,SOLV,53.79999923706055,53.79999923706055,54.084999084472656,52.4379997253418,52.939998626708984,1721000.0
2024-06-21,SOLV,52.349998474121094,52.349998474121094,54.77000045776367,52.20000076293945,53.83000183105469,7696900.0
2024-06-24,SOLV,51.29999923706055,51.29999923706055,53.0,51.2599983215332,52.349998474121094,2581700.0
2024-06-25,SOLV,51.25,51.25,51.619998931884766,50.630001068115234,51.2400016784668,1628300.0
2024-06-26,SOLV,50.75,50.75,51.22999954223633,50.5,50.900001525878906,1141000.0
2024-06-27,SOLV,51.33000183105469,51.33000183105469,51.38999938964844,50.4900016784668,50.5,1634400.0
2024-06-28,SOLV,52.880001068115234,52.880001068115234,53.11000061035156,51.18000030517578,51.47999954223633,4809400.0
2024-07-01,SOLV,51.45000076293945,51.45000076293945,53.560001373291016,51.20500183105469,53.0,1360300.0
2024-07-02,SOLV,51.599998474121094,51.599998474121094,51.83000183105469,51.25,51.400001525878906,1309700.0
2024-07-03,SOLV,50.849998474121094,50.849998474121094,51.77000045776367,50.61000061035156,51.630001068115234,891100.0
2024-07-05,SOLV,49.900001525878906,49.900001525878906,51.0,49.529998779296875,50.5,2060200.0
2024-07-08,SOLV,49.63999938964844,49.63999938964844,50.41999816894531,49.58000183105469,50.0,1194300.0
2024-07-09,SOLV,48.02000045776367,48.02000045776367,49.73500061035156,47.97999954223633,49.38999938964844,1713900.0
2024-07-10,SOLV,48.18000030517578,48.18000030517578,48.529998779296875,47.349998474121094,48.099998474121094,1218000.0
2024-07-11,SOLV,49.36000061035156,49.36000061035156,49.75,48.2400016784668,48.45000076293945,1327700.0
2024-07-12,SOLV,49.0,49.0,50.36000061035156,48.97999954223633,49.4900016784668,1089500.0
2024-07-15,SOLV,48.220001220703125,48.220001220703125,49.189998626708984,48.119998931884766,48.779998779296875,905600.0
2024-07-16,SOLV,50.040000915527344,50.040000915527344,50.2599983215332,47.15999984741211,47.2599983215332,1488000.0
2024-07-17,SOLV,53.0,53.0,53.38999938964844,49.63999938964844,49.86000061035156,2496700.0
2024-07-18,SOLV,54.97999954223633,54.97999954223633,55.099998474121094,52.400001525878906,52.709999084472656,2776200.0
2024-07-19,SOLV,54.599998474121094,54.599998474121094,56.0,54.5,55.0,2602400.0
2024-07-22,SOLV,54.130001068115234,54.130001068115234,55.11000061035156,53.03300094604492,54.84000015258789,1806300.0
2024-07-23,SOLV,56.63999938964844,56.63999938964844,56.7400016784668,55.54999923706055,56.310001373291016,2073900.0
2024-07-24,SOLV,58.09000015258789,58.09000015258789,59.970001220703125,56.63999938964844,56.779998779296875,2204400.0
2024-07-25,SOLV,57.54999923706055,57.54999923706055,58.84000015258789,56.689998626708984,57.5,1540600.0
2024-07-26,SOLV,57.630001068115234,57.630001068115234,59.0,57.37799835205078,58.060001373291016,1122300.0
2024-07-29,SOLV,57.34000015258789,57.34000015258789,57.744998931884766,55.900001525878906,57.310001373291016,1001700.0
2024-07-30,SOLV,58.95000076293945,58.95000076293945,59.29999923706055,57.13999938964844,57.58000183105469,1379400.0
2024-07-31,SOLV,58.880001068115234,58.880001068115234,59.81999969482422,58.09000015258789,58.65999984741211,1125000.0
2024-08-01,SOLV,58.060001373291016,58.060001373291016,59.380001068115234,57.380001068115234,58.810001373291016,1049900.0
2024-08-02,SOLV,57.310001373291016,57.310001373291016,58.189998626708984,56.709999084472656,57.68000030517578,1058500.0
2024-08-05,SOLV,56.13999938964844,56.13999938964844,56.369998931884766,54.2599983215332,55.060001373291016,1136100.0
2024-08-06,SOLV,57.45000076293945,57.45000076293945,58.060001373291016,55.849998474121094,56.0,916600.0
2024-08-07,SOLV,55.900001525878906,55.900001525878906,58.279998779296875,55.810001373291016,57.810001373291016,1519200.0
2024-08-08,SOLV,58.65999984741211,58.65999984741211,58.970001220703125,55.619998931884766,55.900001525878906,1333900.0
2024-08-09,SOLV,60.59000015258789,60.59000015258789,62.2400016784668,59.5,60.0,2411900.0
2024-08-12,SOLV,57.709999084472656,57.709999084472656,60.67499923706055,57.43000030517578,60.59000015258789,1174900.0
2024-08-13,SOLV,58.220001220703125,58.220001220703125,58.689998626708984,56.689998626708984,57.2599983215332,978600.0
2024-08-14,SOLV,57.779998779296875,57.779998779296875,59.0,57.47999954223633,58.40999984741211,867000.0
2024-08-15,SOLV,58.84000015258789,58.84000015258789,59.20000076293945,57.86000061035156,58.25,1013000.0
2024-08-16,SOLV,59.400001525878906,59.400001525878906,59.9900016784668,58.61000061035156,58.959999084472656,842900.0
2024-08-19,SOLV,59.45000076293945,59.45000076293945,60.349998474121094,59.2400016784668,59.41999816894531,1084200.0
2024-08-20,SOLV,59.45000076293945,59.45000076293945,60.06999969482422,59.209999084472656,59.209999084472656,771100.0
2024-08-21,SOLV,59.65999984741211,59.65999984741211,59.81999969482422,58.7599983215332,59.58000183105469,936400.0
2024-08-22,SOLV,59.77000045776367,59.77000045776367,60.68000030517578,59.47999954223633,59.90999984741211,710400.0
2024-08-23,SOLV,61.400001525878906,61.400001525878906,61.63999938964844,59.900001525878906,60.16999816894531,642400.0
2024-08-26,SOLV,60.18000030517578,60.18000030517578,61.880001068115234,59.66999816894531,61.380001068115234,938400.0
2024-08-27,SOLV,60.54999923706055,60.54999923706055,61.0,59.61000061035156,59.83000183105469,770100.0
2024-08-28,SOLV,60.04999923706055,60.04999923706055,60.459999084472656,59.349998474121094,60.36000061035156,794700.0
2024-08-29,SOLV,62.91999816894531,62.91999816894531,63.75,60.0099983215332,60.16999816894531,1463800.0
2024-08-30,SOLV,64.11000061035156,64.11000061035156,65.0,62.83000183105469,62.83000183105469,2089500.0
2024-09-03,SOLV,63.83000183105469,63.83000183105469,64.44999694824219,63.345001220703125,63.52000045776367,1140800.0
2024-09-04,SOLV,65.11000061035156,65.11000061035156,65.52999877929688,63.18000030517578,63.439998626708984,1414800.0
2024-09-05,SOLV,65.5999984741211,65.5999984741211,65.77999877929688,64.08000183105469,65.05999755859375,1437000.0
2024-09-06,SOLV,66.19999694824219,66.19999694824219,66.55500030517578,64.51499938964844,65.52999877929688,1299500.0
2024-09-09,SOLV,67.02999877929688,67.02999877929688,67.66999816894531,65.73999786376953,65.97000122070312,1417800.0
2024-09-10,SOLV,68.3499984741211,68.3499984741211,68.9800033569336,66.37999725341797,67.0,1648800.0
2024-09-11,SOLV,69.41000366210938,69.41000366210938,69.5199966430664,67.16999816894531,67.87999725341797,1623000.0
2024-09-12,SOLV,68.6500015258789,68.6500015258789,70.11499786376953,68.31999969482422,68.77999877929688,1274000.0
2024-09-13,SOLV,70.0,70.0,70.41999816894531,68.54000091552734,68.6500015258789,1013100.0
2024-09-16,SOLV,71.79000091552734,71.79000091552734,71.91500091552734,69.9000015258789,69.97000122070312,991000.0
2024-09-17,SOLV,72.33000183105469,72.33000183105469,73.4000015258789,71.36000061035156,71.5,788800.0
2024-09-18,SOLV,72.12999725341797,72.12999725341797,73.2699966430664,71.51000213623047,72.30000305175781,679700.0
2024-09-19,SOLV,72.33999633789062,72.33999633789062,73.2300033569336,72.19999694824219,72.9000015258789,886300.0
2024-09-20,SOLV,69.94999694824219,69.94999694824219,72.12999725341797,69.8499984741211,72.02999877929688,4410100.0
2024-09-23,SOLV,70.12000274658203,70.12000274658203,71.36000061035156,69.48999786376953,70.33000183105469,1336900.0
2024-09-24,SOLV,70.04000091552734,70.04000091552734,70.87000274658203,69.69999694824219,70.12000274658203,878800.0
2024-09-25,SOLV,69.22000122070312,69.22000122070312,70.11499786376953,68.76499938964844,70.0999984741211,772500.0
2024-09-26,SOLV,68.0999984741211,68.0999984741211,69.05000305175781,67.87999725341797,68.86000061035156,1951900.0
2024-09-27,SOLV,67.56999969482422,67.56999969482422,69.12999725341797,67.31999969482422,68.41000366210938,2001200.0
2024-09-30,SOLV,69.72000122070312,69.72000122070312,69.8499984741211,67.30000305175781,67.48999786376953,1369000.0
2024-10-01,SOLV,67.30000305175781,67.30000305175781,69.44000244140625,66.94999694824219,69.44000244140625,932400.0
2024-10-02,SOLV,67.62999725341797,67.62999725341797,68.26000213623047,66.5999984741211,66.9800033569336,820700.0
2024-10-03,SOLV,67.26000213623047,67.26000213623047,67.81999969482422,66.6500015258789,67.62999725341797,754600.0
2024-10-04,SOLV,67.73999786376953,67.73999786376953,68.41000366210938,67.19999694824219,67.58000183105469,837200.0
2024-10-07,SOLV,66.29000091552734,66.29000091552734,67.3499984741211,65.97000122070312,67.3499984741211,1222600.0
2024-10-08,SOLV,67.12999725341797,67.12999725341797,68.72000122070312,66.70500183105469,66.80000305175781,1034400.0
2024-10-09,SOLV,69.18000030517578,69.18000030517578,69.26000213623047,67.2699966430664,67.4800033569336,842300.0
2024-10-10,SOLV,68.0999984741211,68.0999984741211,68.81500244140625,67.875,68.80000305175781,529600.0
2024-10-11,SOLV,68.13999938964844,68.13999938964844,68.8499984741211,67.73999786376953,68.25,1235900.0
2024-10-14,SOLV,69.38999938964844,69.38999938964844,69.47000122070312,68.0999984741211,68.22000122070312,646800.0
2024-10-15,SOLV,69.72000122070312,69.72000122070312,70.5,69.0199966430664,69.1500015258789,957500.0
2024-10-16,SOLV,71.41999816894531,71.41999816894531,71.5999984741211,69.69999694824219,69.75,774700.0
2024-10-17,SOLV,72.41000366210938,72.41000366210938,72.72000122070312,71.13999938964844,71.5,1252200.0
2024-10-18,SOLV,73.68000030517578,73.68000030517578,73.80000305175781,72.35800170898438,72.79000091552734,831700.0
2024-10-21,SOLV,73.0999984741211,73.0999984741211,73.87000274658203,72.22100067138672,73.5,834900.0
2024-10-22,SOLV,72.61000061035156,72.61000061035156,73.12999725341797,72.20999908447266,73.0,745700.0
2024-10-23,SOLV,72.5,72.5,72.69000244140625,71.33200073242188,72.37000274658203,701300.0
2024-10-24,SOLV,73.19999694824219,73.19999694824219,76.05000305175781,72.39399719238281,72.52999877929688,2120300.0
2024-10-25,SOLV,73.19000244140625,73.19000244140625,73.94000244140625,72.8499984741211,73.1500015258789,713500.0
2024-10-28,SOLV,73.36000061035156,73.36000061035156,73.55000305175781,72.75,73.19000244140625,822800.0
2024-10-29,SOLV,73.3499984741211,73.3499984741211,73.87000274658203,72.54000091552734,72.7699966430664,683100.0
2024-10-30,SOLV,73.56999969482422,73.56999969482422,74.12000274658203,72.9800033569336,73.26000213623047,601200.0
2024-10-31,SOLV,72.58000183105469,72.58000183105469,73.87999725341797,72.58000183105469,73.33000183105469,801300.0
2024-11-01,SOLV,72.45999908447266,72.45999908447266,73.81999969482422,72.36000061035156,73.0,689800.0
2024-11-04,SOLV,72.16999816894531,72.16999816894531,73.7300033569336,72.01000213623047,72.5,781300.0
2024-11-05,SOLV,73.16000366210938,73.16000366210938,73.51000213623047,71.00700378417969,71.55999755859375,891800.0
2024-11-06,SOLV,74.13999938964844,74.13999938964844,75.18000030517578,73.58000183105469,73.58000183105469,1415300.0
2024-11-07,SOLV,75.06999969482422,75.06999969482422,75.41999816894531,72.88899993896484,74.02999877929688,1598700.0
2024-11-08,SOLV,72.43000030517578,72.43000030517578,77.16999816894531,72.0199966430664,76.5999984741211,2159000.0
2024-11-11,SOLV,71.52999877929688,71.52999877929688,73.19999694824219,71.04000091552734,72.22000122070312,1065900.0
2024-11-12,SOLV,70.69999694824219,70.69999694824219,72.25,69.62000274658203,71.41999816894531,1290100.0
2024-11-13,SOLV,70.04000091552734,70.04000091552734,71.05999755859375,69.68000030517578,70.2300033569336,917300.0
2024-11-14,SOLV,67.9000015258789,67.9000015258789,70.30999755859375,67.8499984741211,69.37999725341797,1063000.0
2024-11-15,SOLV,67.4800033569336,67.4800033569336,68.33000183105469,67.0,67.73999786376953,1146300.0
2024-11-18,SOLV,67.12000274658203,67.12000274658203,67.43000030517578,65.94999694824219,67.19000244140625,939200.0
2024-11-19,SOLV,67.05000305175781,67.05000305175781,67.4800033569336,66.51000213623047,66.6500015258789,711400.0
2024-11-20,SOLV,68.38999938964844,68.38999938964844,68.68000030517578,66.6500015258789,66.83999633789062,953200.0
2024-11-21,SOLV,69.62999725341797,69.62999725341797,69.93000030517578,68.19000244140625,68.19000244140625,799500.0
2024-11-22,SOLV,70.80999755859375,70.80999755859375,70.94000244140625,69.61000061035156,69.79000091552734,700100.0
2024-11-25,SOLV,71.61000061035156,71.61000061035156,72.0999984741211,70.4800033569336,70.62999725341797,1622800.0
2024-11-26,SOLV,71.48999786376953,71.48999786376953,71.98999786376953,70.56999969482422,71.61000061035156,676300.0
2024-11-27,SOLV,72.4800033569336,72.4800033569336,72.80500030517578,71.3499984741211,71.81999969482422,702900.0
2024-11-29,SOLV,71.51000213623047,71.51000213623047,72.79000091552734,71.05999755859375,72.63999938964844,577000.0
2024-12-02,SOLV,71.98999786376953,71.98999786376953,72.37999725341797,71.11000061035156,71.5,984400.0
2024-12-03,SOLV,70.7699966430664,70.7699966430664,71.93000030517578,69.87999725341797,71.77999877929688,1254600.0
2024-12-04,SOLV,70.26000213623047,70.26000213623047,71.18000030517578,68.9000015258789,69.9800033569336,885000.0
2024-12-05,SOLV,69.56999969482422,69.56999969482422,70.73500061035156,69.25,69.87000274658203,845200.0
2024-12-06,SOLV,69.95999908447266,69.95999908447266,71.04000091552734,69.45899963378906,69.51000213623047,1049500.0
2024-12-09,SOLV,70.62999725341797,70.62999725341797,71.38999938964844,69.76000213623047,69.91999816894531,662200.0
2024-12-10,SOLV,69.72000122070312,69.72000122070312,70.9800033569336,68.76000213623047,70.9800033569336,767200.0
2024-12-11,SOLV,70.48999786376953,70.48999786376953,70.88999938964844,69.4000015258789,70.0,588700.0
2024-12-12,SOLV,70.01000213623047,70.01000213623047,70.7300033569336,69.69100189208984,70.3499984741211,620100.0
2024-12-13,SOLV,69.55999755859375,69.55999755859375,70.0,68.80000305175781,70.0,637700.0
2024-12-16,SOLV,69.2699966430664,69.2699966430664,70.33999633789062,68.95500183105469,69.26000213623047,755600.0
2024-12-17,SOLV,68.5999984741211,68.5999984741211,70.0,68.0,69.08000183105469,756900.0
2024-12-18,SOLV,66.88999938964844,66.88999938964844,68.9000015258789,66.58000183105469,68.44999694824219,595900.0
2024-12-19,SOLV,66.80000305175781,66.80000305175781,67.76000213623047,66.20999908447266,67.08999633789062,1141900.0
2024-12-20,SOLV,66.83000183105469,66.83000183105469,67.5,66.28500366210938,66.58000183105469,1798700.0